"../../../Engine/Content/EditorResources/S_Actor.ubulk" 0
"../../../Engine/Content/EditorResources/S_Actor.uasset" 1
"../../../Engine/Content/EditorResources/S_Actor.uexp" 2
"../../../Engine/Content/EditorResources/S_BoxReflectionCapture.uasset" 3
"../../../Engine/Content/EditorResources/S_BoxReflectionCapture.uexp" 4
"../../../Engine/Content/EngineResources/DefaultTexture.ubulk" 5
"../../../Engine/Content/EngineResources/DefaultTexture.uasset" 6
"../../../Engine/Content/EngineResources/DefaultTexture.uexp" 7
"../../../Engine/Content/EngineResources/DefaultTextureCube.uasset" 8
"../../../Engine/Content/EngineResources/DefaultTextureCube.uexp" 9
"../../../Engine/Content/EngineResources/DefaultVolumeTexture2D.uasset" 10
"../../../Engine/Content/EngineResources/DefaultVolumeTexture2D.uexp" 11
"../../../Engine/Content/EngineResources/DefaultVolumeTexture.uasset" 12
"../../../Engine/Content/EngineResources/DefaultVolumeTexture.uexp" 13
"../../../Engine/Content/EditorResources/S_Trigger.ubulk" 14
"../../../Engine/Content/EditorResources/S_Trigger.uasset" 15
"../../../Engine/Content/EditorResources/S_Trigger.uexp" 16
"../../../Engine/Content/EditorResources/S_TriggerBox.uasset" 17
"../../../Engine/Content/EditorResources/S_TriggerBox.uexp" 18
"../../../Engine/Content/EditorResources/S_TriggerCapsule.uasset" 19
"../../../Engine/Content/EditorResources/S_TriggerCapsule.uexp" 20
"../../../Engine/Content/EditorResources/S_TriggerSphere.uasset" 21
"../../../Engine/Content/EditorResources/S_TriggerSphere.uexp" 22
"../../../Engine/Content/EngineMeshes/Sphere.ubulk" 23
"../../../Engine/Content/EngineMeshes/Sphere.uasset" 24
"../../../Engine/Content/EngineMeshes/Sphere.uexp" 25
"../../../Engine/Content/EngineResources/GradientTexture0.uasset" 26
"../../../Engine/Content/EngineResources/GradientTexture0.uexp" 27
"../../../Engine/Content/EngineResources/Black.uasset" 28
"../../../Engine/Content/EngineResources/Black.uexp" 29
"../../../Engine/Content/VREditor/LaserPointer/VR_LaserPower_01.ubulk" 30
"../../../Engine/Content/VREditor/LaserPointer/VR_LaserPower_01.uasset" 31
"../../../Engine/Content/VREditor/LaserPointer/VR_LaserPower_01.uexp" 32
"../../../Engine/Content/VREditor/TransformGizmo/TransformGizmoMaterial.uasset" 33
"../../../Engine/Content/VREditor/TransformGizmo/TransformGizmoMaterial.uexp" 34
"../../../Engine/Content/VREditor/TransformGizmo/TranslucentTransformGizmoMaterial.uasset" 35
"../../../Engine/Content/VREditor/TransformGizmo/TranslucentTransformGizmoMaterial.uexp" 36
"../../../Engine/Content/VREditor/TransformGizmo/BoundingBoxCorner.ubulk" 37
"../../../Engine/Content/VREditor/TransformGizmo/BoundingBoxCorner.uasset" 38
"../../../Engine/Content/VREditor/TransformGizmo/BoundingBoxCorner.uexp" 39
"../../../Engine/Content/VREditor/TransformGizmo/BoundingBoxEdge.ubulk" 40
"../../../Engine/Content/VREditor/TransformGizmo/BoundingBoxEdge.uasset" 41
"../../../Engine/Content/VREditor/TransformGizmo/BoundingBoxEdge.uexp" 42
"../../../Engine/Content/VREditor/TransformGizmo/Main.uasset" 43
"../../../Engine/Content/VREditor/TransformGizmo/Main.uexp" 44
"../../../Engine/Content/VREditor/TransformGizmo/Xray.uasset" 45
"../../../Engine/Content/VREditor/TransformGizmo/Xray.uexp" 46
"../../../Engine/Content/VREditor/TransformGizmo/SM_Sequencer_Node.ubulk" 47
"../../../Engine/Content/VREditor/TransformGizmo/SM_Sequencer_Node.uasset" 48
"../../../Engine/Content/VREditor/TransformGizmo/SM_Sequencer_Node.uexp" 49
"../../../Engine/Content/EditorResources/S_Solver.ubulk" 50
"../../../Engine/Content/EditorResources/S_Solver.uasset" 51
"../../../Engine/Content/EditorResources/S_Solver.uexp" 52
"../../../Engine/Content/EditorMaterials/Camera/CineMat.uasset" 53
"../../../Engine/Content/EditorMaterials/Camera/CineMat.uexp" 54
"../../../Engine/Content/EditorMaterials/Camera/MI_CineMat_Rig.uasset" 55
"../../../Engine/Content/EditorMaterials/Camera/MI_CineMat_Rig.uexp" 56
"../../../Engine/Content/EditorMeshes/Camera/SM_CraneRig_Base.ubulk" 57
"../../../Engine/Content/EditorMeshes/Camera/SM_CraneRig_Base.uasset" 58
"../../../Engine/Content/EditorMeshes/Camera/SM_CraneRig_Base.uexp" 59
"../../../Engine/Content/EditorMeshes/Camera/SM_CraneRig_Arm.ubulk" 60
"../../../Engine/Content/EditorMeshes/Camera/SM_CraneRig_Arm.uasset" 61
"../../../Engine/Content/EditorMeshes/Camera/SM_CraneRig_Arm.uexp" 62
"../../../Engine/Content/EditorMeshes/Camera/SM_CraneRig_Mount.ubulk" 63
"../../../Engine/Content/EditorMeshes/Camera/SM_CraneRig_Mount.uasset" 64
"../../../Engine/Content/EditorMeshes/Camera/SM_CraneRig_Mount.uexp" 65
"../../../Engine/Content/EditorMeshes/Camera/SM_CraneRig_Body.ubulk" 66
"../../../Engine/Content/EditorMeshes/Camera/SM_CraneRig_Body.uasset" 67
"../../../Engine/Content/EditorMeshes/Camera/SM_CraneRig_Body.uexp" 68
"../../../Engine/Content/EditorMeshes/Camera/SM_RailRig_Track.ubulk" 69
"../../../Engine/Content/EditorMeshes/Camera/SM_RailRig_Track.uasset" 70
"../../../Engine/Content/EditorMeshes/Camera/SM_RailRig_Track.uexp" 71
"../../../Engine/Content/EditorMeshes/Camera/SM_RailRig_Mount.ubulk" 72
"../../../Engine/Content/EditorMeshes/Camera/SM_RailRig_Mount.uasset" 73
"../../../Engine/Content/EditorMeshes/Camera/SM_RailRig_Mount.uexp" 74
"../../../Engine/Content/EngineMaterials/T_Default_Material_Grid_M.ubulk" 75
"../../../Engine/Content/EngineMaterials/T_Default_Material_Grid_M.uasset" 76
"../../../Engine/Content/EngineMaterials/T_Default_Material_Grid_M.uexp" 77
"../../../Engine/Content/EngineMaterials/T_Default_Material_Grid_N.ubulk" 78
"../../../Engine/Content/EngineMaterials/T_Default_Material_Grid_N.uasset" 79
"../../../Engine/Content/EngineMaterials/T_Default_Material_Grid_N.uexp" 80
"../../../Engine/Content/Functions/Engine_MaterialFunctions01/Opacity/CameraDepthFade.uasset" 81
"../../../Engine/Content/Functions/Engine_MaterialFunctions01/Opacity/CameraDepthFade.uexp" 82
"../../../Engine/Content/EngineMaterials/WorldGridMaterial.uasset" 83
"../../../Engine/Content/EngineMaterials/WorldGridMaterial.uexp" 84
"../../../Engine/Content/ArtTools/RenderToTexture/Meshes/S_1_Unit_Plane.ubulk" 85
"../../../Engine/Content/ArtTools/RenderToTexture/Meshes/S_1_Unit_Plane.uasset" 86
"../../../Engine/Content/ArtTools/RenderToTexture/Meshes/S_1_Unit_Plane.uexp" 87
"../../../Engine/Content/EditorMaterials/ParticleSystems/PSysThumbnail_NoImage.ubulk" 88
"../../../Engine/Content/EditorMaterials/ParticleSystems/PSysThumbnail_NoImage.uasset" 89
"../../../Engine/Content/EditorMaterials/ParticleSystems/PSysThumbnail_NoImage.uexp" 90
"../../../Engine/Content/EditorMaterials/ParticleSystems/PSysThumbnail_OOD.ubulk" 91
"../../../Engine/Content/EditorMaterials/ParticleSystems/PSysThumbnail_OOD.uasset" 92
"../../../Engine/Content/EditorMaterials/ParticleSystems/PSysThumbnail_OOD.uexp" 93
"../../../Engine/Content/EditorLandscapeResources/SplineEditorMeshMat.uasset" 94
"../../../Engine/Content/EditorLandscapeResources/SplineEditorMeshMat.uexp" 95
"../../../Engine/Content/EditorLandscapeResources/SplineEditorMesh.ubulk" 96
"../../../Engine/Content/EditorLandscapeResources/SplineEditorMesh.uasset" 97
"../../../Engine/Content/EditorLandscapeResources/SplineEditorMesh.uexp" 98
"../../../Engine/Plugins/Media/MediaPlate/Content/SM_MediaPlateScreen.ubulk" 99
"../../../Engine/Plugins/Media/MediaPlate/Content/SM_MediaPlateScreen.uasset" 100
"../../../Engine/Plugins/Media/MediaPlate/Content/SM_MediaPlateScreen.uexp" 101
"../../../Engine/Content/EngineMaterials/DefaultBokeh.uasset" 102
"../../../Engine/Content/EngineMaterials/DefaultBokeh.uexp" 103
"../../../Engine/Content/EngineMaterials/MiniFont.uasset" 104
"../../../Engine/Content/EngineMaterials/MiniFont.uexp" 105
"../../../Engine/Content/EngineMaterials/WeightMapPlaceholderTexture.uasset" 106
"../../../Engine/Content/EngineMaterials/WeightMapPlaceholderTexture.uexp" 107
"../../../Engine/Content/EngineMaterials/WeightMapArrayPlaceholderTexture.uasset" 108
"../../../Engine/Content/EngineMaterials/WeightMapArrayPlaceholderTexture.uexp" 109
"../../../Engine/Content/EngineMaterials/DefaultWhiteGrid.ubulk" 110
"../../../Engine/Content/EngineMaterials/DefaultWhiteGrid.uasset" 111
"../../../Engine/Content/EngineMaterials/DefaultWhiteGrid.uexp" 112
"../../../Engine/Content/EngineMaterials/PreintegratedSkinBRDF.uasset" 113
"../../../Engine/Content/EngineMaterials/PreintegratedSkinBRDF.uexp" 114
"../../../Engine/Plugins/Runtime/MeshModelingToolset/Content/Materials/M_DynamicMeshComponentVtxColor.uasset" 115
"../../../Engine/Plugins/Runtime/MeshModelingToolset/Content/Materials/M_DynamicMeshComponentVtxColor.uexp" 116
"../../../Engine/Plugins/Interchange/Runtime/Content/Pipelines/DefaultTexturePipeline.uasset" 117
"../../../Engine/Plugins/Interchange/Runtime/Content/Pipelines/DefaultTexturePipeline.uexp" 118
"../../../Engine/Plugins/Interchange/Runtime/Content/Pipelines/DefaultSceneLevelPipeline.uasset" 119
"../../../Engine/Plugins/Interchange/Runtime/Content/Pipelines/DefaultSceneLevelPipeline.uexp" 120
"../../../Engine/Plugins/Interchange/Runtime/Content/Pipelines/DefaultSceneAssetsPipeline.uasset" 121
"../../../Engine/Plugins/Interchange/Runtime/Content/Pipelines/DefaultSceneAssetsPipeline.uexp" 122
"../../../Engine/Plugins/Interchange/Runtime/Content/Pipelines/DefaultMaterialXPipeline.uasset" 123
"../../../Engine/Plugins/Interchange/Runtime/Content/Pipelines/DefaultMaterialXPipeline.uexp" 124
"../../../Engine/Plugins/Interchange/Runtime/Content/Pipelines/DefaultMaterialPipeline.uasset" 125
"../../../Engine/Plugins/Interchange/Runtime/Content/Pipelines/DefaultMaterialPipeline.uexp" 126
"../../../Engine/Plugins/Interchange/Runtime/Content/Pipelines/DefaultGLTFSceneAssetsPipeline.uasset" 127
"../../../Engine/Plugins/Interchange/Runtime/Content/Pipelines/DefaultGLTFSceneAssetsPipeline.uexp" 128
"../../../Engine/Plugins/Interchange/Runtime/Content/Pipelines/DefaultGLTFPipeline.uasset" 129
"../../../Engine/Plugins/Interchange/Runtime/Content/Pipelines/DefaultGLTFPipeline.uexp" 130
"../../../Engine/Plugins/Interchange/Runtime/Content/Pipelines/DefaultGLTFAssetsPipeline.uasset" 131
"../../../Engine/Plugins/Interchange/Runtime/Content/Pipelines/DefaultGLTFAssetsPipeline.uexp" 132
"../../../Engine/Plugins/Interchange/Runtime/Content/Pipelines/DefaultAssetsPipeline.uasset" 133
"../../../Engine/Plugins/Interchange/Runtime/Content/Pipelines/DefaultAssetsPipeline.uexp" 134
"../../../Engine/Plugins/Interchange/Runtime/Content/Functions/MX_UsdPreviewSurface.uasset" 135
"../../../Engine/Plugins/Interchange/Runtime/Content/Functions/MX_UsdPreviewSurface.uexp" 136
"../../../Engine/Plugins/Interchange/Runtime/Content/Functions/MX_UniformEDF.uasset" 137
"../../../Engine/Plugins/Interchange/Runtime/Content/Functions/MX_UniformEDF.uexp" 138
"../../../Engine/Plugins/Interchange/Runtime/Content/Functions/MX_TranslucentBSDF.uasset" 139
"../../../Engine/Plugins/Interchange/Runtime/Content/Functions/MX_TranslucentBSDF.uexp" 140
"../../../Engine/Plugins/Interchange/Runtime/Content/Functions/MX_ThinFilmBSDF.uasset" 141
"../../../Engine/Plugins/Interchange/Runtime/Content/Functions/MX_ThinFilmBSDF.uexp" 142
"../../../Engine/Plugins/Interchange/Runtime/Content/Functions/MX_SurfaceUnlit.uasset" 143
"../../../Engine/Plugins/Interchange/Runtime/Content/Functions/MX_SurfaceUnlit.uexp" 144
"../../../Engine/Plugins/Interchange/Runtime/Content/Functions/MX_Surface.uasset" 145
"../../../Engine/Plugins/Interchange/Runtime/Content/Functions/MX_Surface.uexp" 146
"../../../Engine/Plugins/Interchange/Runtime/Content/Functions/MX_SubsurfaceBSDF.uasset" 147
"../../../Engine/Plugins/Interchange/Runtime/Content/Functions/MX_SubsurfaceBSDF.uexp" 148
"../../../Engine/Plugins/Interchange/Runtime/Content/Functions/MX_SheenBSDF.uasset" 149
"../../../Engine/Plugins/Interchange/Runtime/Content/Functions/MX_SheenBSDF.uexp" 150
"../../../Engine/Plugins/Interchange/Runtime/Content/Functions/MX_OrenNayarBSDF.uasset" 151
"../../../Engine/Plugins/Interchange/Runtime/Content/Functions/MX_OrenNayarBSDF.uexp" 152
"../../../Engine/Content/Functions/Engine_MaterialFunctions02/Utility/CameraDirectionVector.uasset" 153
"../../../Engine/Content/Functions/Engine_MaterialFunctions02/Utility/CameraDirectionVector.uexp" 154
"../../../Engine/Content/Functions/Engine_MaterialFunctions01/Volumetrics/BeersLaw.uasset" 155
"../../../Engine/Content/Functions/Engine_MaterialFunctions01/Volumetrics/BeersLaw.uexp" 156
"../../../Engine/Content/EngineMaterials/Good64x64TilingNoiseHighFreq.uasset" 157
"../../../Engine/Content/EngineMaterials/Good64x64TilingNoiseHighFreq.uexp" 158
"../../../Engine/Content/Functions/Engine_MaterialFunctions02/Texturing/ScreenAlignedPixelToPixelUVs.uasset" 159
"../../../Engine/Content/Functions/Engine_MaterialFunctions02/Texturing/ScreenAlignedPixelToPixelUVs.uexp" 160
"../../../Engine/Plugins/Interchange/Runtime/Content/gltf/MaterialFunctions/MF_Temporal_Blur.uasset" 161
"../../../Engine/Plugins/Interchange/Runtime/Content/gltf/MaterialFunctions/MF_Temporal_Blur.uexp" 162
"../../../Engine/Plugins/Interchange/Runtime/Content/gltf/MaterialFunctions/MF_Fresnel_DS.uasset" 163
"../../../Engine/Plugins/Interchange/Runtime/Content/gltf/MaterialFunctions/MF_Fresnel_DS.uexp" 164
"../../../Engine/Content/Functions/Engine_MaterialFunctions02/Utility/BreakOutFloat3Components.uasset" 165
"../../../Engine/Content/Functions/Engine_MaterialFunctions02/Utility/BreakOutFloat3Components.uexp" 166
"../../../Engine/Plugins/Interchange/Runtime/Content/Functions/MX_Transmission.uasset" 167
"../../../Engine/Plugins/Interchange/Runtime/Content/Functions/MX_Transmission.uexp" 168
"../../../Engine/Plugins/Interchange/Runtime/Content/Functions/MF_OrenNayerView.uasset" 169
"../../../Engine/Plugins/Interchange/Runtime/Content/Functions/MF_OrenNayerView.uexp" 170
"../../../Engine/Plugins/Interchange/Runtime/Content/Functions/MF_SchlickApprox.uasset" 171
"../../../Engine/Plugins/Interchange/Runtime/Content/Functions/MF_SchlickApprox.uexp" 172
"../../../Engine/Plugins/Interchange/Runtime/Content/Utilities/New_LUT.uasset" 173
"../../../Engine/Plugins/Interchange/Runtime/Content/Utilities/New_LUT.uexp" 174
"../../../Engine/Content/Functions/Engine_MaterialFunctions03/Math/RemapValueRange.uasset" 175
"../../../Engine/Content/Functions/Engine_MaterialFunctions03/Math/RemapValueRange.uexp" 176
"../../../Engine/Plugins/Interchange/Runtime/Content/Functions/MF_Iridescence.uasset" 177
"../../../Engine/Plugins/Interchange/Runtime/Content/Functions/MF_Iridescence.uexp" 178
"../../../Engine/Plugins/Interchange/Runtime/Content/Functions/MX_StandardSurface.uasset" 179
"../../../Engine/Plugins/Interchange/Runtime/Content/Functions/MX_StandardSurface.uexp" 180
"../../../Engine/Plugins/Interchange/Runtime/Content/Functions/MX_TransmissionSurface.uasset" 181
"../../../Engine/Plugins/Interchange/Runtime/Content/Functions/MX_TransmissionSurface.uexp" 182
"../../../Engine/Plugins/Interchange/Runtime/Content/Functions/MX_OpenPBR_Translucent.uasset" 183
"../../../Engine/Plugins/Interchange/Runtime/Content/Functions/MX_OpenPBR_Translucent.uexp" 184
"../../../Engine/Plugins/Interchange/Runtime/Content/Functions/MX_OpenPBR_Opaque.uasset" 185
"../../../Engine/Plugins/Interchange/Runtime/Content/Functions/MX_OpenPBR_Opaque.uexp" 186
"../../../Engine/Plugins/Interchange/Runtime/Content/Functions/MX_MeasuredEDF.uasset" 187
"../../../Engine/Plugins/Interchange/Runtime/Content/Functions/MX_MeasuredEDF.uexp" 188
"../../../Engine/Plugins/Interchange/Runtime/Content/Functions/MX_GeneralizedSchlickBSDF.uasset" 189
"../../../Engine/Plugins/Interchange/Runtime/Content/Functions/MX_GeneralizedSchlickBSDF.uexp" 190
"../../../Engine/Plugins/Interchange/Runtime/Content/Functions/MX_DielectricBSDF.uasset" 191
"../../../Engine/Plugins/Interchange/Runtime/Content/Functions/MX_DielectricBSDF.uexp" 192
"../../../Engine/Plugins/Interchange/Runtime/Content/Functions/MX_ConicalEDF.uasset" 193
"../../../Engine/Plugins/Interchange/Runtime/Content/Functions/MX_ConicalEDF.uexp" 194
"../../../Engine/Plugins/Interchange/Runtime/Content/Functions/MX_ConductorBSDF.uasset" 195
"../../../Engine/Plugins/Interchange/Runtime/Content/Functions/MX_ConductorBSDF.uexp" 196
"../../../Engine/Plugins/Interchange/Runtime/Content/Functions/MX_BurleyDiffuseBSDF.uasset" 197
"../../../Engine/Plugins/Interchange/Runtime/Content/Functions/MX_BurleyDiffuseBSDF.uexp" 198
"../../../Engine/Plugins/Interchange/Runtime/Content/Functions/MX_AnisotropicVDF.uasset" 199
"../../../Engine/Plugins/Interchange/Runtime/Content/Functions/MX_AnisotropicVDF.uexp" 200
"../../../Engine/Plugins/Interchange/Runtime/Content/Functions/MX_AbsorptionVDF.uasset" 201
"../../../Engine/Plugins/Interchange/Runtime/Content/Functions/MX_AbsorptionVDF.uexp" 202
"../../../Engine/Plugins/Editor/SpeedTreeImporter/Content/SpeedTree9/game_wind_noise.ubulk" 203
"../../../Engine/Plugins/Editor/SpeedTreeImporter/Content/SpeedTree9/game_wind_noise.uasset" 204
"../../../Engine/Plugins/Editor/SpeedTreeImporter/Content/SpeedTree9/game_wind_noise.uexp" 205
"../../../Engine/Plugins/Editor/SpeedTreeImporter/Content/SpeedTree9/UnpackDirection.uasset" 206
"../../../Engine/Plugins/Editor/SpeedTreeImporter/Content/SpeedTree9/UnpackDirection.uexp" 207
"../../../Engine/Content/Functions/Engine_MaterialFunctions02/ObjectLocalBounds.uasset" 208
"../../../Engine/Content/Functions/Engine_MaterialFunctions02/ObjectLocalBounds.uexp" 209
"../../../Engine/Content/Functions/Engine_MaterialFunctions02/UVs/BoundingBoxBased_0-1_UVW.uasset" 210
"../../../Engine/Content/Functions/Engine_MaterialFunctions02/UVs/BoundingBoxBased_0-1_UVW.uexp" 211
"../../../Engine/Content/Functions/Engine_MaterialFunctions02/Utility/VectorLength.uasset" 212
"../../../Engine/Content/Functions/Engine_MaterialFunctions02/Utility/VectorLength.uexp" 213
"../../../Engine/Plugins/Editor/SpeedTreeImporter/Content/SpeedTree9/UnpackInteger3.uasset" 214
"../../../Engine/Plugins/Editor/SpeedTreeImporter/Content/SpeedTree9/UnpackInteger3.uexp" 215
"../../../Engine/Plugins/Editor/SpeedTreeImporter/Content/SpeedTree9/SpeedTreeCameraFacing.uasset" 216
"../../../Engine/Plugins/Editor/SpeedTreeImporter/Content/SpeedTree9/SpeedTreeCameraFacing.uexp" 217
"../../../Engine/Content/Functions/Engine_MaterialFunctions02/WorldPositionOffset/ObjectScale.uasset" 218
"../../../Engine/Content/Functions/Engine_MaterialFunctions02/WorldPositionOffset/ObjectScale.uexp" 219
"../../../Engine/Content/Functions/Engine_MaterialFunctions02/SafeNormalize.uasset" 220
"../../../Engine/Content/Functions/Engine_MaterialFunctions02/SafeNormalize.uexp" 221
"../../../Engine/Plugins/Editor/SpeedTreeImporter/Content/SpeedTree9/SpeedTreeWindMotion.uasset" 222
"../../../Engine/Plugins/Editor/SpeedTreeImporter/Content/SpeedTree9/SpeedTreeWindMotion.uexp" 223
"../../../Engine/Plugins/Editor/SpeedTreeImporter/Content/SpeedTree9/SpeedTreeBranchMotion.uasset" 224
"../../../Engine/Plugins/Editor/SpeedTreeImporter/Content/SpeedTree9/SpeedTreeBranchMotion.uexp" 225
"../../../Engine/Plugins/Editor/SpeedTreeImporter/Content/SpeedTree9/SpeedTreeWind.uasset" 226
"../../../Engine/Plugins/Editor/SpeedTreeImporter/Content/SpeedTree9/SpeedTreeWind.uexp" 227
"../../../Engine/Plugins/Editor/SpeedTreeImporter/Content/SpeedTree9/EmptyNormal.uasset" 228
"../../../Engine/Plugins/Editor/SpeedTreeImporter/Content/SpeedTree9/EmptyNormal.uexp" 229
"../../../Engine/Plugins/Editor/SpeedTreeImporter/Content/SpeedTree9/Empty.uasset" 230
"../../../Engine/Plugins/Editor/SpeedTreeImporter/Content/SpeedTree9/Empty.uexp" 231
"../../../Engine/Plugins/Editor/SpeedTreeImporter/Content/SpeedTree9/SpeedTreeMaster.uasset" 232
"../../../Engine/Plugins/Editor/SpeedTreeImporter/Content/SpeedTree9/SpeedTreeMaster.uexp" 233
"../../../Engine/Plugins/Editor/SpeedTreeImporter/Content/SpeedTree9/SpeedTreeBillboard.uasset" 234
"../../../Engine/Plugins/Editor/SpeedTreeImporter/Content/SpeedTree9/SpeedTreeBillboard.uexp" 235
"../../../Engine/Plugins/Editor/SpeedTreeImporter/Content/SpeedTree9/SpeedTreeBillboardMaster.uasset" 236
"../../../Engine/Plugins/Editor/SpeedTreeImporter/Content/SpeedTree9/SpeedTreeBillboardMaster.uexp" 237
"../../../Engine/Content/Functions/Engine_MaterialFunctions02/WorldPositionOffset/CameraOffset.uasset" 238
"../../../Engine/Content/Functions/Engine_MaterialFunctions02/WorldPositionOffset/CameraOffset.uexp" 239
"../../../Engine/Plugins/Animation/ControlRig/Content/M_Manip.uasset" 240
"../../../Engine/Plugins/Animation/ControlRig/Content/M_Manip.uexp" 241
"../../../Engine/Plugins/Animation/ControlRig/Content/Controls/DefaultGizmoLibraryNormalized.uasset" 242
"../../../Engine/Plugins/Animation/ControlRig/Content/Controls/DefaultGizmoLibraryNormalized.uexp" 243
"../../../Engine/Plugins/Animation/ControlRig/Content/Controls/ControlRig_Wedge_solid.ubulk" 244
"../../../Engine/Plugins/Animation/ControlRig/Content/Controls/ControlRig_Wedge_solid.uasset" 245
"../../../Engine/Plugins/Animation/ControlRig/Content/Controls/ControlRig_Wedge_solid.uexp" 246
"../../../Engine/Plugins/Animation/ControlRig/Content/Controls/ControlRig_Wedge_3mm.ubulk" 247
"../../../Engine/Plugins/Animation/ControlRig/Content/Controls/ControlRig_Wedge_3mm.uasset" 248
"../../../Engine/Plugins/Animation/ControlRig/Content/Controls/ControlRig_Wedge_3mm.uexp" 249
"../../../Engine/Plugins/Animation/ControlRig/Content/Controls/ControlRig_Wedge_1mm.ubulk" 250
"../../../Engine/Plugins/Animation/ControlRig/Content/Controls/ControlRig_Wedge_1mm.uasset" 251
"../../../Engine/Plugins/Animation/ControlRig/Content/Controls/ControlRig_Wedge_1mm.uexp" 252
"../../../Engine/Plugins/Animation/ControlRig/Content/Controls/ControlRig_Triangle_solid.ubulk" 253
"../../../Engine/Plugins/Animation/ControlRig/Content/Controls/ControlRig_Triangle_solid.uasset" 254
"../../../Engine/Plugins/Animation/ControlRig/Content/Controls/ControlRig_Triangle_solid.uexp" 255
"../../../Engine/Plugins/Animation/ControlRig/Content/Controls/ControlRig_Triangle_3mm.ubulk" 256
"../../../Engine/Plugins/Animation/ControlRig/Content/Controls/ControlRig_Triangle_3mm.uasset" 257
"../../../Engine/Plugins/Animation/ControlRig/Content/Controls/ControlRig_Triangle_3mm.uexp" 258
"../../../Engine/Plugins/Animation/ControlRig/Content/Controls/ControlRig_Triangle_1mm.ubulk" 259
"../../../Engine/Plugins/Animation/ControlRig/Content/Controls/ControlRig_Triangle_1mm.uasset" 260
"../../../Engine/Plugins/Animation/ControlRig/Content/Controls/ControlRig_Triangle_1mm.uexp" 261
"../../../Engine/Plugins/Animation/ControlRig/Content/Controls/ControlRig_Star4_solid.ubulk" 262
"../../../Engine/Plugins/Animation/ControlRig/Content/Controls/ControlRig_Star4_solid.uasset" 263
"../../../Engine/Plugins/Animation/ControlRig/Content/Controls/ControlRig_Star4_solid.uexp" 264
"../../../Engine/Plugins/Animation/ControlRig/Content/Controls/ControlRig_Star4_3mm.ubulk" 265
"../../../Engine/Plugins/Animation/ControlRig/Content/Controls/ControlRig_Star4_3mm.uasset" 266
"../../../Engine/Plugins/Animation/ControlRig/Content/Controls/ControlRig_Star4_3mm.uexp" 267
"../../../Engine/Plugins/Animation/ControlRig/Content/Controls/ControlRig_Star4_1mm.ubulk" 268
"../../../Engine/Plugins/Animation/ControlRig/Content/Controls/ControlRig_Star4_1mm.uasset" 269
"../../../Engine/Plugins/Animation/ControlRig/Content/Controls/ControlRig_Star4_1mm.uexp" 270
"../../../Engine/Plugins/Animation/ControlRig/Content/Controls/ControlRig_Square_solid.ubulk" 271
"../../../Engine/Plugins/Animation/ControlRig/Content/Controls/ControlRig_Square_solid.uasset" 272
"../../../Engine/Plugins/Animation/ControlRig/Content/Controls/ControlRig_Square_solid.uexp" 273
"../../../Engine/Plugins/Animation/ControlRig/Content/Controls/ControlRig_Square_3mm.ubulk" 274
"../../../Engine/Plugins/Animation/ControlRig/Content/Controls/ControlRig_Square_3mm.uasset" 275
"../../../Engine/Plugins/Animation/ControlRig/Content/Controls/ControlRig_Square_3mm.uexp" 276
"../../../Engine/Plugins/Animation/ControlRig/Content/Controls/ControlRig_Square_1mm.ubulk" 277
"../../../Engine/Plugins/Animation/ControlRig/Content/Controls/ControlRig_Square_1mm.uasset" 278
"../../../Engine/Plugins/Animation/ControlRig/Content/Controls/ControlRig_Square_1mm.uexp" 279
"../../../Engine/Plugins/Animation/ControlRig/Content/Controls/ControlRig_Sphere_solid.ubulk" 280
"../../../Engine/Plugins/Animation/ControlRig/Content/Controls/ControlRig_Sphere_solid.uasset" 281
"../../../Engine/Plugins/Animation/ControlRig/Content/Controls/ControlRig_Sphere_solid.uexp" 282
"../../../Engine/Plugins/Animation/ControlRig/Content/Controls/ControlRig_Sphere_3mm.ubulk" 283
"../../../Engine/Plugins/Animation/ControlRig/Content/Controls/ControlRig_Sphere_3mm.uasset" 284
"../../../Engine/Plugins/Animation/ControlRig/Content/Controls/ControlRig_Sphere_3mm.uexp" 285
"../../../Engine/Plugins/Animation/ControlRig/Content/Controls/ControlRig_Sphere_1mm.ubulk" 286
"../../../Engine/Plugins/Animation/ControlRig/Content/Controls/ControlRig_Sphere_1mm.uasset" 287
"../../../Engine/Plugins/Animation/ControlRig/Content/Controls/ControlRig_Sphere_1mm.uexp" 288
"../../../Engine/Plugins/Animation/ControlRig/Content/Controls/ControlRig_RoundedTriangle_solid.ubulk" 289
"../../../Engine/Plugins/Animation/ControlRig/Content/Controls/ControlRig_RoundedTriangle_solid.uasset" 290
"../../../Engine/Plugins/Animation/ControlRig/Content/Controls/ControlRig_RoundedTriangle_solid.uexp" 291
"../../../Engine/Plugins/Animation/ControlRig/Content/Controls/ControlRig_RoundedTriangle_3mm.ubulk" 292
"../../../Engine/Plugins/Animation/ControlRig/Content/Controls/ControlRig_RoundedTriangle_3mm.uasset" 293
"../../../Engine/Plugins/Animation/ControlRig/Content/Controls/ControlRig_RoundedTriangle_3mm.uexp" 294
"../../../Engine/Plugins/Animation/ControlRig/Content/Controls/ControlRig_RoundedTriangle_1mm.ubulk" 295
"../../../Engine/Plugins/Animation/ControlRig/Content/Controls/ControlRig_RoundedTriangle_1mm.uasset" 296
"../../../Engine/Plugins/Animation/ControlRig/Content/Controls/ControlRig_RoundedTriangle_1mm.uexp" 297
"../../../Engine/Plugins/Animation/ControlRig/Content/Controls/ControlRig_RoundedSquare_solid.ubulk" 298
"../../../Engine/Plugins/Animation/ControlRig/Content/Controls/ControlRig_RoundedSquare_solid.uasset" 299
"../../../Engine/Plugins/Animation/ControlRig/Content/Controls/ControlRig_RoundedSquare_solid.uexp" 300
"../../../Engine/Plugins/Animation/ControlRig/Content/Controls/ControlRig_RoundedSquare_3mm.ubulk" 301
"../../../Engine/Plugins/Animation/ControlRig/Content/Controls/ControlRig_RoundedSquare_3mm.uasset" 302
"../../../Engine/Plugins/Animation/ControlRig/Content/Controls/ControlRig_RoundedSquare_3mm.uexp" 303
"../../../Engine/Plugins/Animation/ControlRig/Content/Controls/ControlRig_RoundedSquare_1mm.ubulk" 304
"../../../Engine/Plugins/Animation/ControlRig/Content/Controls/ControlRig_RoundedSquare_1mm.uasset" 305
"../../../Engine/Plugins/Animation/ControlRig/Content/Controls/ControlRig_RoundedSquare_1mm.uexp" 306
"../../../Engine/Plugins/Animation/ControlRig/Content/Controls/ControlRig_QuarterCircle_solid.ubulk" 307
"../../../Engine/Plugins/Animation/ControlRig/Content/Controls/ControlRig_QuarterCircle_solid.uasset" 308
"../../../Engine/Plugins/Animation/ControlRig/Content/Controls/ControlRig_QuarterCircle_solid.uexp" 309
"../../../Engine/Plugins/Animation/ControlRig/Content/Controls/ControlRig_QuarterCircle_3mm.ubulk" 310
"../../../Engine/Plugins/Animation/ControlRig/Content/Controls/ControlRig_QuarterCircle_3mm.uasset" 311
"../../../Engine/Plugins/Animation/ControlRig/Content/Controls/ControlRig_QuarterCircle_3mm.uexp" 312
"../../../Engine/Plugins/Animation/ControlRig/Content/Controls/ControlRig_QuarterCircle_1mm.ubulk" 313
"../../../Engine/Plugins/Animation/ControlRig/Content/Controls/ControlRig_QuarterCircle_1mm.uasset" 314
"../../../Engine/Plugins/Animation/ControlRig/Content/Controls/ControlRig_QuarterCircle_1mm.uexp" 315
"../../../Engine/Plugins/Animation/ControlRig/Content/Controls/ControlRig_Pyramid_solid.ubulk" 316
"../../../Engine/Plugins/Animation/ControlRig/Content/Controls/ControlRig_Pyramid_solid.uasset" 317
"../../../Engine/Plugins/Animation/ControlRig/Content/Controls/ControlRig_Pyramid_solid.uexp" 318
"../../../Engine/Plugins/Animation/ControlRig/Content/Controls/ControlRig_Pyramid_3mm.ubulk" 319
"../../../Engine/Plugins/Animation/ControlRig/Content/Controls/ControlRig_Pyramid_3mm.uasset" 320
"../../../Engine/Plugins/Animation/ControlRig/Content/Controls/ControlRig_Pyramid_3mm.uexp" 321
"../../../Engine/Plugins/Animation/ControlRig/Content/Controls/ControlRig_Pyramid_1mm.ubulk" 322
"../../../Engine/Plugins/Animation/ControlRig/Content/Controls/ControlRig_Pyramid_1mm.uasset" 323
"../../../Engine/Plugins/Animation/ControlRig/Content/Controls/ControlRig_Pyramid_1mm.uexp" 324
"../../../Engine/Plugins/Animation/ControlRig/Content/Controls/ControlRig_Octagon_solid.ubulk" 325
"../../../Engine/Plugins/Animation/ControlRig/Content/Controls/ControlRig_Octagon_solid.uasset" 326
"../../../Engine/Plugins/Animation/ControlRig/Content/Controls/ControlRig_Octagon_solid.uexp" 327
"../../../Engine/Plugins/Animation/ControlRig/Content/Controls/ControlRig_Octagon_3mm.ubulk" 328
"../../../Engine/Plugins/Animation/ControlRig/Content/Controls/ControlRig_Octagon_3mm.uasset" 329
"../../../Engine/Plugins/Animation/ControlRig/Content/Controls/ControlRig_Octagon_3mm.uexp" 330
"../../../Engine/Plugins/Animation/ControlRig/Content/Controls/ControlRig_Octagon_1mm.ubulk" 331
"../../../Engine/Plugins/Animation/ControlRig/Content/Controls/ControlRig_Octagon_1mm.uasset" 332
"../../../Engine/Plugins/Animation/ControlRig/Content/Controls/ControlRig_Octagon_1mm.uexp" 333
"../../../Engine/Plugins/Animation/ControlRig/Content/Controls/ControlRig_Hexagon_solid.ubulk" 334
"../../../Engine/Plugins/Animation/ControlRig/Content/Controls/ControlRig_Hexagon_solid.uasset" 335
"../../../Engine/Plugins/Animation/ControlRig/Content/Controls/ControlRig_Hexagon_solid.uexp" 336
"../../../Engine/Plugins/Animation/ControlRig/Content/Controls/ControlRig_Hexagon_3mm.ubulk" 337
"../../../Engine/Plugins/Animation/ControlRig/Content/Controls/ControlRig_Hexagon_3mm.uasset" 338
"../../../Engine/Plugins/Animation/ControlRig/Content/Controls/ControlRig_Hexagon_3mm.uexp" 339
"../../../Engine/Plugins/Animation/ControlRig/Content/Controls/ControlRig_Hexagon_1mm.ubulk" 340
"../../../Engine/Plugins/Animation/ControlRig/Content/Controls/ControlRig_Hexagon_1mm.uasset" 341
"../../../Engine/Plugins/Animation/ControlRig/Content/Controls/ControlRig_Hexagon_1mm.uexp" 342
"../../../Engine/Plugins/Animation/ControlRig/Content/Controls/ControlRig_HalfCircle_solid.ubulk" 343
"../../../Engine/Plugins/Animation/ControlRig/Content/Controls/ControlRig_HalfCircle_solid.uasset" 344
"../../../Engine/Plugins/Animation/ControlRig/Content/Controls/ControlRig_HalfCircle_solid.uexp" 345
"../../../Engine/Plugins/Animation/ControlRig/Content/Controls/ControlRig_HalfCircle_3mm.ubulk" 346
"../../../Engine/Plugins/Animation/ControlRig/Content/Controls/ControlRig_HalfCircle_3mm.uasset" 347
"../../../Engine/Plugins/Animation/ControlRig/Content/Controls/ControlRig_HalfCircle_3mm.uexp" 348
"../../../Engine/Plugins/Animation/ControlRig/Content/Controls/ControlRig_HalfCircle_1mm.ubulk" 349
"../../../Engine/Plugins/Animation/ControlRig/Content/Controls/ControlRig_HalfCircle_1mm.uasset" 350
"../../../Engine/Plugins/Animation/ControlRig/Content/Controls/ControlRig_HalfCircle_1mm.uexp" 351
"../../../Engine/Plugins/Animation/ControlRig/Content/Controls/ControlRig_Diamond_solid.ubulk" 352
"../../../Engine/Plugins/Animation/ControlRig/Content/Controls/ControlRig_Diamond_solid.uasset" 353
"../../../Engine/Plugins/Animation/ControlRig/Content/Controls/ControlRig_Diamond_solid.uexp" 354
"../../../Engine/Plugins/Animation/ControlRig/Content/Controls/ControlRig_Diamond_3mm.ubulk" 355
"../../../Engine/Plugins/Animation/ControlRig/Content/Controls/ControlRig_Diamond_3mm.uasset" 356
"../../../Engine/Plugins/Animation/ControlRig/Content/Controls/ControlRig_Diamond_3mm.uexp" 357
"../../../Engine/Plugins/Animation/ControlRig/Content/Controls/ControlRig_Diamond_1mm.ubulk" 358
"../../../Engine/Plugins/Animation/ControlRig/Content/Controls/ControlRig_Diamond_1mm.uasset" 359
"../../../Engine/Plugins/Animation/ControlRig/Content/Controls/ControlRig_Diamond_1mm.uexp" 360
"../../../Engine/Plugins/Animation/ControlRig/Content/Controls/ControlRig_Circle_solid.ubulk" 361
"../../../Engine/Plugins/Animation/ControlRig/Content/Controls/ControlRig_Circle_solid.uasset" 362
"../../../Engine/Plugins/Animation/ControlRig/Content/Controls/ControlRig_Circle_solid.uexp" 363
"../../../Engine/Plugins/Animation/ControlRig/Content/Controls/ControlRig_Circle_3mm.ubulk" 364
"../../../Engine/Plugins/Animation/ControlRig/Content/Controls/ControlRig_Circle_3mm.uasset" 365
"../../../Engine/Plugins/Animation/ControlRig/Content/Controls/ControlRig_Circle_3mm.uexp" 366
"../../../Engine/Plugins/Animation/ControlRig/Content/Controls/ControlRig_Circle_1mm.ubulk" 367
"../../../Engine/Plugins/Animation/ControlRig/Content/Controls/ControlRig_Circle_1mm.uasset" 368
"../../../Engine/Plugins/Animation/ControlRig/Content/Controls/ControlRig_Circle_1mm.uexp" 369
"../../../Engine/Plugins/Animation/ControlRig/Content/Controls/ControlRig_Box_solid.ubulk" 370
"../../../Engine/Plugins/Animation/ControlRig/Content/Controls/ControlRig_Box_solid.uasset" 371
"../../../Engine/Plugins/Animation/ControlRig/Content/Controls/ControlRig_Box_solid.uexp" 372
"../../../Engine/Plugins/Animation/ControlRig/Content/Controls/ControlRig_Box_3mm.ubulk" 373
"../../../Engine/Plugins/Animation/ControlRig/Content/Controls/ControlRig_Box_3mm.uasset" 374
"../../../Engine/Plugins/Animation/ControlRig/Content/Controls/ControlRig_Box_3mm.uexp" 375
"../../../Engine/Plugins/Animation/ControlRig/Content/Controls/ControlRig_Box_1mm.ubulk" 376
"../../../Engine/Plugins/Animation/ControlRig/Content/Controls/ControlRig_Box_1mm.uasset" 377
"../../../Engine/Plugins/Animation/ControlRig/Content/Controls/ControlRig_Box_1mm.uexp" 378
"../../../Engine/Plugins/Animation/ControlRig/Content/Controls/ControlRig_Arrow_solid.ubulk" 379
"../../../Engine/Plugins/Animation/ControlRig/Content/Controls/ControlRig_Arrow_solid.uasset" 380
"../../../Engine/Plugins/Animation/ControlRig/Content/Controls/ControlRig_Arrow_solid.uexp" 381
"../../../Engine/Plugins/Animation/ControlRig/Content/Controls/ControlRig_Arrow_3mm.ubulk" 382
"../../../Engine/Plugins/Animation/ControlRig/Content/Controls/ControlRig_Arrow_3mm.uasset" 383
"../../../Engine/Plugins/Animation/ControlRig/Content/Controls/ControlRig_Arrow_3mm.uexp" 384
"../../../Engine/Plugins/Animation/ControlRig/Content/Controls/ControlRig_Arrow_1mm.ubulk" 385
"../../../Engine/Plugins/Animation/ControlRig/Content/Controls/ControlRig_Arrow_1mm.uasset" 386
"../../../Engine/Plugins/Animation/ControlRig/Content/Controls/ControlRig_Arrow_1mm.uexp" 387
"../../../Engine/Plugins/Animation/ControlRig/Content/Controls/ControlRig_Arrow4_solid.ubulk" 388
"../../../Engine/Plugins/Animation/ControlRig/Content/Controls/ControlRig_Arrow4_solid.uasset" 389
"../../../Engine/Plugins/Animation/ControlRig/Content/Controls/ControlRig_Arrow4_solid.uexp" 390
"../../../Engine/Plugins/Animation/ControlRig/Content/Controls/ControlRig_Arrow4_3mm.ubulk" 391
"../../../Engine/Plugins/Animation/ControlRig/Content/Controls/ControlRig_Arrow4_3mm.uasset" 392
"../../../Engine/Plugins/Animation/ControlRig/Content/Controls/ControlRig_Arrow4_3mm.uexp" 393
"../../../Engine/Plugins/Animation/ControlRig/Content/Controls/ControlRig_Arrow4_1mm.ubulk" 394
"../../../Engine/Plugins/Animation/ControlRig/Content/Controls/ControlRig_Arrow4_1mm.uasset" 395
"../../../Engine/Plugins/Animation/ControlRig/Content/Controls/ControlRig_Arrow4_1mm.uexp" 396
"../../../Engine/Plugins/Animation/ControlRig/Content/Controls/ControlRig_Arrow2_solid.ubulk" 397
"../../../Engine/Plugins/Animation/ControlRig/Content/Controls/ControlRig_Arrow2_solid.uasset" 398
"../../../Engine/Plugins/Animation/ControlRig/Content/Controls/ControlRig_Arrow2_solid.uexp" 399
"../../../Engine/Plugins/Animation/ControlRig/Content/Controls/ControlRig_Arrow2_3mm.ubulk" 400
"../../../Engine/Plugins/Animation/ControlRig/Content/Controls/ControlRig_Arrow2_3mm.uasset" 401
"../../../Engine/Plugins/Animation/ControlRig/Content/Controls/ControlRig_Arrow2_3mm.uexp" 402
"../../../Engine/Plugins/Animation/ControlRig/Content/Controls/ControlRig_Arrow2_1mm.ubulk" 403
"../../../Engine/Plugins/Animation/ControlRig/Content/Controls/ControlRig_Arrow2_1mm.uasset" 404
"../../../Engine/Plugins/Animation/ControlRig/Content/Controls/ControlRig_Arrow2_1mm.uexp" 405
"../../../Engine/Plugins/Animation/ControlRig/Content/Controls/ControlRigXRayMaterial.uasset" 406
"../../../Engine/Plugins/Animation/ControlRig/Content/Controls/ControlRigXRayMaterial.uexp" 407
"../../../Engine/Plugins/Animation/ControlRig/Content/Controls/ControlRigGizmoMaterial.uasset" 408
"../../../Engine/Plugins/Animation/ControlRig/Content/Controls/ControlRigGizmoMaterial.uexp" 409
"../../../Engine/Plugins/Animation/ACLPlugin/Content/ACLAnimCurveCompressionSettings.uasset" 410
"../../../Engine/Plugins/Animation/ACLPlugin/Content/ACLAnimCurveCompressionSettings.uexp" 411
"../../../Engine/Plugins/Animation/ACLPlugin/Content/ACLAnimBoneCompressionSettings.uasset" 412
"../../../Engine/Plugins/Animation/ACLPlugin/Content/ACLAnimBoneCompressionSettings.uexp" 413
"../../../Engine/Plugins/2D/Paper2D/Content/PlaceholderTextures/DummySpriteTexture.ubulk" 414
"../../../Engine/Plugins/2D/Paper2D/Content/PlaceholderTextures/DummySpriteTexture.uasset" 415
"../../../Engine/Plugins/2D/Paper2D/Content/PlaceholderTextures/DummySpriteTexture.uexp" 416
"../../../Engine/Plugins/2D/Paper2D/Content/DefaultSpriteMaterial.uasset" 417
"../../../Engine/Plugins/2D/Paper2D/Content/DefaultSpriteMaterial.uexp" 418
"../../../Engine/Plugins/2D/Paper2D/Content/OpaqueUnlitSpriteMaterial.uasset" 419
"../../../Engine/Plugins/2D/Paper2D/Content/OpaqueUnlitSpriteMaterial.uexp" 420
"../../../Engine/Plugins/2D/Paper2D/Content/MaskedUnlitSpriteMaterial.uasset" 421
"../../../Engine/Plugins/2D/Paper2D/Content/MaskedUnlitSpriteMaterial.uexp" 422
"../../../Engine/Plugins/2D/Paper2D/Content/DummySprite.uasset" 423
"../../../Engine/Plugins/2D/Paper2D/Content/DummySprite.uexp" 424
"../../../Engine/Plugins/2D/Paper2D/Content/DefaultPaperTerrainMaterial.uasset" 425
"../../../Engine/Plugins/2D/Paper2D/Content/DefaultPaperTerrainMaterial.uexp" 426
"../../../Engine/Content/VREditor/TransformGizmo/StartRotationHandleIndicator.ubulk" 427
"../../../Engine/Content/VREditor/TransformGizmo/StartRotationHandleIndicator.uasset" 428
"../../../Engine/Content/VREditor/TransformGizmo/StartRotationHandleIndicator.uexp" 429
"../../../Engine/Content/VREditor/Sounds/UI/Drop_Item_From_ContentBrowser.ubulk" 430
"../../../Engine/Content/VREditor/Sounds/UI/Drop_Item_From_ContentBrowser.uasset" 431
"../../../Engine/Content/VREditor/Sounds/UI/Drop_Item_From_ContentBrowser.uexp" 432
"../../../Engine/Content/VREditor/TransformGizmo/PlaneTranslationHandle.ubulk" 433
"../../../Engine/Content/VREditor/TransformGizmo/PlaneTranslationHandle.uasset" 434
"../../../Engine/Content/VREditor/TransformGizmo/PlaneTranslationHandle.uexp" 435
"../../../Engine/Content/VREditor/Sounds/UI/Object_Snaps_To_Grid.ubulk" 436
"../../../Engine/Content/VREditor/Sounds/UI/Object_Snaps_To_Grid.uasset" 437
"../../../Engine/Content/VREditor/Sounds/UI/Object_Snaps_To_Grid.uexp" 438
"../../../Engine/Content/VREditor/Sounds/UI/Selection_Changes.ubulk" 439
"../../../Engine/Content/VREditor/Sounds/UI/Selection_Changes.uasset" 440
"../../../Engine/Content/VREditor/Sounds/UI/Selection_Changes.uexp" 441
"../../../Engine/Content/VREditor/Sounds/UI/Object_Snaps_To_Another_Actor.ubulk" 442
"../../../Engine/Content/VREditor/Sounds/UI/Object_Snaps_To_Another_Actor.uasset" 443
"../../../Engine/Content/VREditor/Sounds/UI/Object_Snaps_To_Another_Actor.uexp" 444
"../../../Engine/Content/VREditor/TransformGizmo/TranslucentTransformGizmoMaterial_Inst.uasset" 445
"../../../Engine/Content/VREditor/TransformGizmo/TranslucentTransformGizmoMaterial_Inst.uexp" 446
"../../../Engine/Content/VREditor/TransformGizmo/TransformGizmoFreeRotation.ubulk" 447
"../../../Engine/Content/VREditor/TransformGizmo/TransformGizmoFreeRotation.uasset" 448
"../../../Engine/Content/VREditor/TransformGizmo/TransformGizmoFreeRotation.uexp" 449
"../../../Engine/Content/VREditor/Sounds/UI/Scaling_Down.ubulk" 450
"../../../Engine/Content/VREditor/Sounds/UI/Scaling_Down.uasset" 451
"../../../Engine/Content/VREditor/Sounds/UI/Scaling_Down.uexp" 452
"../../../Engine/Content/Functions/Engine_MaterialFunctions02/Math/Transform3x3Matrix.uasset" 453
"../../../Engine/Content/Functions/Engine_MaterialFunctions02/Math/Transform3x3Matrix.uexp" 454
"../../../Engine/Content/Functions/Engine_MaterialFunctions02/SplitComponents.uasset" 455
"../../../Engine/Content/Functions/Engine_MaterialFunctions02/SplitComponents.uexp" 456
"../../../Engine/Content/Functions/Engine_MaterialFunctions02/Utility/MakeFloat3.uasset" 457
"../../../Engine/Content/Functions/Engine_MaterialFunctions02/Utility/MakeFloat3.uexp" 458
"../../../Engine/Content/VREditor/SnapGrid/SnapGridMaterial.uasset" 459
"../../../Engine/Content/VREditor/SnapGrid/SnapGridMaterial.uexp" 460
"../../../Engine/Content/VREditor/SnapGrid/SnapGridPlaneMesh.ubulk" 461
"../../../Engine/Content/VREditor/SnapGrid/SnapGridPlaneMesh.uasset" 462
"../../../Engine/Content/VREditor/SnapGrid/SnapGridPlaneMesh.uexp" 463
"../../../Engine/Content/VREditor/Sounds/UI/Scaling_Up.ubulk" 464
"../../../Engine/Content/VREditor/Sounds/UI/Scaling_Up.uasset" 465
"../../../Engine/Content/VREditor/Sounds/UI/Scaling_Up.uexp" 466
"../../../Engine/Content/VREditor/TransformGizmo/TransformGizmoMaterial_Inst.uasset" 467
"../../../Engine/Content/VREditor/TransformGizmo/TransformGizmoMaterial_Inst.uexp" 468
"../../../Engine/Content/VREditor/Sounds/UI/Gizmo_Handle_Clicked.ubulk" 469
"../../../Engine/Content/VREditor/Sounds/UI/Gizmo_Handle_Clicked.uasset" 470
"../../../Engine/Content/VREditor/Sounds/UI/Gizmo_Handle_Clicked.uexp" 471
"../../../Engine/Content/VREditor/TransformGizmo/RotationHandleQuarter.ubulk" 472
"../../../Engine/Content/VREditor/TransformGizmo/RotationHandleQuarter.uasset" 473
"../../../Engine/Content/VREditor/TransformGizmo/RotationHandleQuarter.uexp" 474
"../../../Engine/Content/VREditor/TransformGizmo/TranslateArrowHandle.ubulk" 475
"../../../Engine/Content/VREditor/TransformGizmo/TranslateArrowHandle.uasset" 476
"../../../Engine/Content/VREditor/TransformGizmo/TranslateArrowHandle.uexp" 477
"../../../Engine/Content/VREditor/TransformGizmo/RotationHandleIndicator.ubulk" 478
"../../../Engine/Content/VREditor/TransformGizmo/RotationHandleIndicator.uasset" 479
"../../../Engine/Content/VREditor/TransformGizmo/RotationHandleIndicator.uexp" 480
"../../../Engine/Content/VREditor/TransformGizmo/UniformScaleHandle.ubulk" 481
"../../../Engine/Content/VREditor/TransformGizmo/UniformScaleHandle.uasset" 482
"../../../Engine/Content/VREditor/TransformGizmo/UniformScaleHandle.uexp" 483
"../../../Engine/Content/VREditor/TransformGizmo/RotationHandleFull.ubulk" 484
"../../../Engine/Content/VREditor/TransformGizmo/RotationHandleFull.uasset" 485
"../../../Engine/Content/VREditor/TransformGizmo/RotationHandleFull.uexp" 486
"../../../Engine/Content/VREditor/Sounds/UI/Object_PickUp.ubulk" 487
"../../../Engine/Content/VREditor/Sounds/UI/Object_PickUp.uasset" 488
"../../../Engine/Content/VREditor/Sounds/UI/Object_PickUp.uexp" 489
"../../../Engine/Content/EngineSounds/Master.uasset" 490
"../../../Engine/Content/EngineSounds/Master.uexp" 491
"../../../Engine/Content/EngineResources/WhiteSquareTexture.uasset" 492
"../../../Engine/Content/EngineResources/WhiteSquareTexture.uexp" 493
"../../../Engine/Content/EngineMaterials/Widget3DPassThrough.uasset" 494
"../../../Engine/Content/EngineMaterials/Widget3DPassThrough.uexp" 495
"../../../Engine/Content/EngineMaterials/Widget3DPassThrough_Translucent.uasset" 496
"../../../Engine/Content/EngineMaterials/Widget3DPassThrough_Translucent.uexp" 497
"../../../Engine/Content/EngineMaterials/Widget3DPassThrough_Translucent_OneSided.uasset" 498
"../../../Engine/Content/EngineMaterials/Widget3DPassThrough_Translucent_OneSided.uexp" 499
"../../../Engine/Content/EngineMaterials/Widget3DPassThrough_Opaque.uasset" 500
"../../../Engine/Content/EngineMaterials/Widget3DPassThrough_Opaque.uexp" 501
"../../../Engine/Content/EngineMaterials/Widget3DPassThrough_Opaque_OneSided.uasset" 502
"../../../Engine/Content/EngineMaterials/Widget3DPassThrough_Opaque_OneSided.uexp" 503
"../../../Engine/Content/EngineMaterials/Widget3DPassThrough_Masked_OneSided.uasset" 504
"../../../Engine/Content/EngineMaterials/Widget3DPassThrough_Masked_OneSided.uexp" 505
"../../../Engine/Content/EngineMaterials/Widget3DPassThrough_Masked.uasset" 506
"../../../Engine/Content/EngineMaterials/Widget3DPassThrough_Masked.uexp" 507
"../../../Engine/Content/EngineMaterials/STBlueNoise_vec2_128x128x64.uasset" 508
"../../../Engine/Content/EngineMaterials/STBlueNoise_vec2_128x128x64.uexp" 509
"../../../Engine/Content/EngineMaterials/STBlueNoise_scalar_128x128x64.uasset" 510
"../../../Engine/Content/EngineMaterials/STBlueNoise_scalar_128x128x64.uexp" 511
"../../../Engine/Content/EngineMaterials/RemoveSurfaceMaterial.uasset" 512
"../../../Engine/Content/EngineMaterials/RemoveSurfaceMaterial.uexp" 513
"../../../Engine/Content/EngineMaterials/DefaultCalibrationGrayscale.uasset" 514
"../../../Engine/Content/EngineMaterials/DefaultCalibrationGrayscale.uexp" 515
"../../../Engine/Content/EngineMaterials/PPM_DefaultCalibrationGrayscale.uasset" 516
"../../../Engine/Content/EngineMaterials/PPM_DefaultCalibrationGrayscale.uexp" 517
"../../../Engine/Content/EngineMaterials/DefaultCalibrationColor.uasset" 518
"../../../Engine/Content/EngineMaterials/DefaultCalibrationColor.uexp" 519
"../../../Engine/Content/EngineMaterials/PPM_DefaultCalibrationColor.uasset" 520
"../../../Engine/Content/EngineMaterials/PPM_DefaultCalibrationColor.uexp" 521
"../../../Engine/Content/EngineMaterials/PhAT_JointLimitMaterial.uasset" 522
"../../../Engine/Content/EngineMaterials/PhAT_JointLimitMaterial.uexp" 523
"../../../Engine/Content/EngineMaterials/NaniteHiddenSectionMaterial.uasset" 524
"../../../Engine/Content/EngineMaterials/NaniteHiddenSectionMaterial.uexp" 525
"../../../Engine/Content/EngineMaterials/InvalidLightmapSettings.ubulk" 526
"../../../Engine/Content/EngineMaterials/InvalidLightmapSettings.uasset" 527
"../../../Engine/Content/EngineMaterials/InvalidLightmapSettings.uexp" 528
"../../../Engine/Content/EngineMaterials/M_InvalidLightmapSettings.uasset" 529
"../../../Engine/Content/EngineMaterials/M_InvalidLightmapSettings.uexp" 530
"../../../Engine/Content/EngineMaterials/GizmoMaterial.uasset" 531
"../../../Engine/Content/EngineMaterials/GizmoMaterial.uexp" 532
"../../../Engine/Content/EngineMaterials/BaseFlattenEmissiveMap_VT.uasset" 533
"../../../Engine/Content/EngineMaterials/BaseFlattenEmissiveMap_VT.uexp" 534
"../../../Engine/Content/EngineMaterials/BaseFlattenGrayscaleMap_VT.uasset" 535
"../../../Engine/Content/EngineMaterials/BaseFlattenGrayscaleMap_VT.uexp" 536
"../../../Engine/Content/EngineMaterials/BaseFlattenLinearColor_VT.uasset" 537
"../../../Engine/Content/EngineMaterials/BaseFlattenLinearColor_VT.uexp" 538
"../../../Engine/Content/EngineMaterials/Black_1x1_EXR_Texture_VT.uasset" 539
"../../../Engine/Content/EngineMaterials/Black_1x1_EXR_Texture_VT.uexp" 540
"../../../Engine/Content/EngineMaterials/BaseFlattenDiffuseMap_VT.uasset" 541
"../../../Engine/Content/EngineMaterials/BaseFlattenDiffuseMap_VT.uexp" 542
"../../../Engine/Content/EngineMaterials/BaseFlattenNormalMap_VT.uasset" 543
"../../../Engine/Content/EngineMaterials/BaseFlattenNormalMap_VT.uexp" 544
"../../../Engine/Content/EngineMaterials/FlattenMaterial_WS_Normal_VT.uasset" 545
"../../../Engine/Content/EngineMaterials/FlattenMaterial_WS_Normal_VT.uexp" 546
"../../../Engine/Content/EngineMaterials/FlattenMaterial_VT.uasset" 547
"../../../Engine/Content/EngineMaterials/FlattenMaterial_VT.uexp" 548
"../../../Engine/Content/EngineMaterials/BaseFlattenNormalMap.uasset" 549
"../../../Engine/Content/EngineMaterials/BaseFlattenNormalMap.uexp" 550
"../../../Engine/Content/EngineMaterials/BaseFlattenGrayscaleMap.uasset" 551
"../../../Engine/Content/EngineMaterials/BaseFlattenGrayscaleMap.uexp" 552
"../../../Engine/Content/EngineMaterials/BaseFlattenDiffuseMap.uasset" 553
"../../../Engine/Content/EngineMaterials/BaseFlattenDiffuseMap.uexp" 554
"../../../Engine/Content/Functions/Engine_MaterialFunctions02/PivotPainter2/Black_1x1_EXR_Texture.uasset" 555
"../../../Engine/Content/Functions/Engine_MaterialFunctions02/PivotPainter2/Black_1x1_EXR_Texture.uexp" 556
"../../../Engine/Content/EngineMaterials/BaseFlattenEmissiveMap.uasset" 557
"../../../Engine/Content/EngineMaterials/BaseFlattenEmissiveMap.uexp" 558
"../../../Engine/Content/EngineMaterials/BaseFlattenLinearColor.uasset" 559
"../../../Engine/Content/EngineMaterials/BaseFlattenLinearColor.uexp" 560
"../../../Engine/Content/EngineMaterials/FlattenMaterial.uasset" 561
"../../../Engine/Content/EngineMaterials/FlattenMaterial.uexp" 562
"../../../Engine/Content/EngineMaterials/DefaultWhiteGrid_Low.uasset" 563
"../../../Engine/Content/EngineMaterials/DefaultWhiteGrid_Low.uexp" 564
"../../../Engine/Content/EngineMaterials/EmissiveMeshMaterial.uasset" 565
"../../../Engine/Content/EngineMaterials/EmissiveMeshMaterial.uexp" 566
"../../../Engine/Content/EngineFonts/RobotoDistanceField.uasset" 567
"../../../Engine/Content/EngineFonts/RobotoDistanceField.uexp" 568
"../../../Engine/Content/EngineMaterials/DefaultTextMaterialOpaque.uasset" 569
"../../../Engine/Content/EngineMaterials/DefaultTextMaterialOpaque.uexp" 570
"../../../Engine/Content/EngineMaterials/DefaultDiffuse.ubulk" 571
"../../../Engine/Content/EngineMaterials/DefaultDiffuse.uasset" 572
"../../../Engine/Content/EngineMaterials/DefaultDiffuse.uexp" 573
"../../../Engine/Content/Functions/Engine_MaterialFunctions02/Utility/BreakOutFloat2Components.uasset" 574
"../../../Engine/Content/Functions/Engine_MaterialFunctions02/Utility/BreakOutFloat2Components.uexp" 575
"../../../Engine/Content/EngineMaterials/DefaultPostProcessMaterial.uasset" 576
"../../../Engine/Content/EngineMaterials/DefaultPostProcessMaterial.uexp" 577
"../../../Engine/Content/EngineMaterials/DefaultPhysicalMaterial.uasset" 578
"../../../Engine/Content/EngineMaterials/DefaultPhysicalMaterial.uexp" 579
"../../../Engine/Content/EngineMaterials/DefaultLightFunctionMaterial.uasset" 580
"../../../Engine/Content/EngineMaterials/DefaultLightFunctionMaterial.uexp" 581
"../../../Engine/Content/EngineMaterials/DefaultDestructiblePhysicalMaterial.uasset" 582
"../../../Engine/Content/EngineMaterials/DefaultDestructiblePhysicalMaterial.uexp" 583
"../../../Engine/Content/EngineMaterials/DefaultDeferredDecalMaterial.uasset" 584
"../../../Engine/Content/EngineMaterials/DefaultDeferredDecalMaterial.uexp" 585
"../../../Engine/Content/EngineMaterials/DefaultBloomKernel.uasset" 586
"../../../Engine/Content/EngineMaterials/DefaultBloomKernel.uexp" 587
"../../../Engine/Content/EngineFonts/Faces/RobotoLight.uexp" 588
"../../../Engine/Content/EngineFonts/Faces/RobotoLight.uasset" 589
"../../../Engine/Content/EngineFonts/Faces/RobotoLight.ufont" 590
"../../../Engine/Content/EngineFonts/Faces/RobotoBold.uexp" 591
"../../../Engine/Content/EngineFonts/Faces/RobotoBold.uasset" 592
"../../../Engine/Content/EngineFonts/Faces/RobotoBold.ufont" 593
"../../../Engine/Content/EngineFonts/Faces/RobotoRegular.uexp" 594
"../../../Engine/Content/EngineFonts/Faces/RobotoRegular.uasset" 595
"../../../Engine/Content/EngineFonts/Faces/RobotoRegular.ufont" 596
"../../../Engine/Content/EngineFonts/Faces/DroidSansFallback.uexp" 597
"../../../Engine/Content/EngineFonts/Faces/DroidSansFallback.uasset" 598
"../../../Engine/Content/EngineFonts/Faces/DroidSansFallback.ufont" 599
"../../../Engine/Content/EngineFonts/Faces/RobotoItalic.uexp" 600
"../../../Engine/Content/EngineFonts/Faces/RobotoItalic.uasset" 601
"../../../Engine/Content/EngineFonts/Faces/RobotoItalic.ufont" 602
"../../../Engine/Content/EngineFonts/Faces/RobotoBoldItalic.uexp" 603
"../../../Engine/Content/EngineFonts/Faces/RobotoBoldItalic.uasset" 604
"../../../Engine/Content/EngineFonts/Faces/RobotoBoldItalic.ufont" 605
"../../../Engine/Content/EngineFonts/Roboto.uasset" 606
"../../../Engine/Content/EngineFonts/Roboto.uexp" 607
"../../../Engine/Content/EngineDebugMaterials/VolumeToRender.uasset" 608
"../../../Engine/Content/EngineDebugMaterials/VolumeToRender.uexp" 609
"../../../Engine/Content/EngineDebugMaterials/M_VolumeRenderSphereTracePP.uasset" 610
"../../../Engine/Content/EngineDebugMaterials/M_VolumeRenderSphereTracePP.uexp" 611
"../../../Engine/Content/EngineDebugMaterials/M_SimpleUnlitTranslucent.uasset" 612
"../../../Engine/Content/EngineDebugMaterials/M_SimpleUnlitTranslucent.uexp" 613
"../../../Engine/Content/EngineDebugMaterials/DebugMeshMaterial.uasset" 614
"../../../Engine/Content/EngineDebugMaterials/DebugMeshMaterial.uexp" 615
"../../../Engine/Content/EngineDebugMaterials/DebugEditorMaterial.uasset" 616
"../../../Engine/Content/EngineDebugMaterials/DebugEditorMaterial.uexp" 617
"../../../Engine/Content/EngineDamageTypes/DmgTypeBP_Environmental.uasset" 618
"../../../Engine/Content/EngineDamageTypes/DmgTypeBP_Environmental.uexp" 619
"../../../Engine/Content/EditorResources/S_Terrain.ubulk" 620
"../../../Engine/Content/EditorResources/S_Terrain.uasset" 621
"../../../Engine/Content/EditorResources/S_Terrain.uexp" 622
"../../../Engine/Content/EditorResources/EmptyActor.uasset" 623
"../../../Engine/Content/EditorResources/EmptyActor.uexp" 624
"../../../Engine/Content/EditorResources/BSPVertex.uasset" 625
"../../../Engine/Content/EditorResources/BSPVertex.uexp" 626
"../../../Engine/Content/EditorMaterials/PreviewShadowIndicator.ubulk" 627
"../../../Engine/Content/EditorMaterials/PreviewShadowIndicator.uasset" 628
"../../../Engine/Content/EditorMaterials/PreviewShadowIndicator.uexp" 629
"../../../Engine/Content/EditorMaterials/PreviewShadowIndicatorMaterial.uasset" 630
"../../../Engine/Content/EditorMaterials/PreviewShadowIndicatorMaterial.uexp" 631
"../../../Engine/Content/EditorMaterials/PhAT_UnselectedMaterial.uasset" 632
"../../../Engine/Content/EditorMaterials/PhAT_UnselectedMaterial.uexp" 633
"../../../Engine/Content/EditorMaterials/PhAT_NoCollisionMaterial.uasset" 634
"../../../Engine/Content/EditorMaterials/PhAT_NoCollisionMaterial.uexp" 635
"../../../Engine/Content/EditorLandscapeResources/DefaultAlphaTexture.uasset" 636
"../../../Engine/Content/EditorLandscapeResources/DefaultAlphaTexture.uexp" 637
"../../../Engine/Content/EditorLandscapeResources/DataLayer.uasset" 638
"../../../Engine/Content/EditorLandscapeResources/DataLayer.uexp" 639
"../../../Engine/Content/EngineMaterials/DefaultMaterial.uasset" 640
"../../../Engine/Content/EngineMaterials/DefaultMaterial.uexp" 641
"../../../Engine/Content/BasicShapes/Sphere.ubulk" 642
"../../../Engine/Content/BasicShapes/Sphere.uasset" 643
"../../../Engine/Content/BasicShapes/Sphere.uexp" 644
"../../../Engine/Content/BasicShapes/Plane.ubulk" 645
"../../../Engine/Content/BasicShapes/Plane.uasset" 646
"../../../Engine/Content/BasicShapes/Plane.uexp" 647
"../../../Engine/Content/BasicShapes/Cylinder.ubulk" 648
"../../../Engine/Content/BasicShapes/Cylinder.uasset" 649
"../../../Engine/Content/BasicShapes/Cylinder.uexp" 650
"../../../Engine/Content/BasicShapes/Cone.ubulk" 651
"../../../Engine/Content/BasicShapes/Cone.uasset" 652
"../../../Engine/Content/BasicShapes/Cone.uexp" 653
"../../../Engine/Content/BasicShapes/BasicShapeMaterial.uasset" 654
"../../../Engine/Content/BasicShapes/BasicShapeMaterial.uexp" 655
"../../../Engine/Plugins/Interchange/Runtime/Content/gltf/MaterialFunctions/MF_RotateV2.uasset" 656
"../../../Engine/Plugins/Interchange/Runtime/Content/gltf/MaterialFunctions/MF_RotateV2.uexp" 657
"../../../Engine/Plugins/Interchange/Runtime/Content/gltf/MaterialFunctions/MF_TransformUVs.uasset" 658
"../../../Engine/Plugins/Interchange/Runtime/Content/gltf/MaterialFunctions/MF_TransformUVs.uexp" 659
"../../../Engine/Plugins/Interchange/Runtime/Content/gltf/Textures/T_White_srgb.uasset" 660
"../../../Engine/Plugins/Interchange/Runtime/Content/gltf/Textures/T_White_srgb.uexp" 661
"../../../Engine/Plugins/Interchange/Runtime/Content/gltf/MaterialFunctions/MF_BaseColor.uasset" 662
"../../../Engine/Plugins/Interchange/Runtime/Content/gltf/MaterialFunctions/MF_BaseColor.uexp" 663
"../../../Engine/Plugins/Interchange/Runtime/Content/gltf/MaterialBodies/MF_Unlit_Body.uasset" 664
"../../../Engine/Plugins/Interchange/Runtime/Content/gltf/MaterialBodies/MF_Unlit_Body.uexp" 665
"../../../Engine/Plugins/Interchange/Runtime/Content/gltf/M_Unlit.uasset" 666
"../../../Engine/Plugins/Interchange/Runtime/Content/gltf/M_Unlit.uexp" 667
"../../../Engine/Plugins/Interchange/Runtime/Content/gltf/MaterialInstances/MI_Unlit_Opaque_DS.uasset" 668
"../../../Engine/Plugins/Interchange/Runtime/Content/gltf/MaterialInstances/MI_Unlit_Opaque_DS.uexp" 669
"../../../Engine/Plugins/Interchange/Runtime/Content/gltf/MaterialInstances/MI_Unlit_Opaque.uasset" 670
"../../../Engine/Plugins/Interchange/Runtime/Content/gltf/MaterialInstances/MI_Unlit_Opaque.uexp" 671
"../../../Engine/Plugins/Interchange/Runtime/Content/gltf/MaterialInstances/MI_Unlit_Mask_DS.uasset" 672
"../../../Engine/Plugins/Interchange/Runtime/Content/gltf/MaterialInstances/MI_Unlit_Mask_DS.uexp" 673
"../../../Engine/Plugins/Interchange/Runtime/Content/gltf/MaterialInstances/MI_Unlit_Mask.uasset" 674
"../../../Engine/Plugins/Interchange/Runtime/Content/gltf/MaterialInstances/MI_Unlit_Mask.uexp" 675
"../../../Engine/Plugins/Interchange/Runtime/Content/gltf/MaterialInstances/MI_Unlit_Blend_DS.uasset" 676
"../../../Engine/Plugins/Interchange/Runtime/Content/gltf/MaterialInstances/MI_Unlit_Blend_DS.uexp" 677
"../../../Engine/Plugins/Interchange/Runtime/Content/gltf/MaterialInstances/MI_Unlit_Blend.uasset" 678
"../../../Engine/Plugins/Interchange/Runtime/Content/gltf/MaterialInstances/MI_Unlit_Blend.uexp" 679
"../../../Engine/Plugins/Interchange/Runtime/Content/gltf/MaterialFunctions/MF_Iridescence.uasset" 680
"../../../Engine/Plugins/Interchange/Runtime/Content/gltf/MaterialFunctions/MF_Iridescence.uexp" 681
"../../../Engine/Plugins/Interchange/Runtime/Content/gltf/Textures/T_White_Linear.uasset" 682
"../../../Engine/Plugins/Interchange/Runtime/Content/gltf/Textures/T_White_Linear.uexp" 683
"../../../Engine/Plugins/Interchange/Runtime/Content/gltf/MaterialFunctions/MF_Transmission.uasset" 684
"../../../Engine/Plugins/Interchange/Runtime/Content/gltf/MaterialFunctions/MF_Transmission.uexp" 685
"../../../Engine/Plugins/Interchange/Runtime/Content/gltf/MaterialFunctions/MF_MetallicRoughness.uasset" 686
"../../../Engine/Plugins/Interchange/Runtime/Content/gltf/MaterialFunctions/MF_MetallicRoughness.uexp" 687
"../../../Engine/Plugins/Interchange/Runtime/Content/gltf/MaterialFunctions/MF_Occlusion.uasset" 688
"../../../Engine/Plugins/Interchange/Runtime/Content/gltf/MaterialFunctions/MF_Occlusion.uexp" 689
"../../../Engine/Plugins/Interchange/Runtime/Content/gltf/MaterialFunctions/MF_Specular.uasset" 690
"../../../Engine/Plugins/Interchange/Runtime/Content/gltf/MaterialFunctions/MF_Specular.uexp" 691
"../../../Engine/Plugins/Interchange/Runtime/Content/gltf/MaterialFunctions/MF_IOR.uasset" 692
"../../../Engine/Plugins/Interchange/Runtime/Content/gltf/MaterialFunctions/MF_IOR.uexp" 693
"../../../Engine/Plugins/Interchange/Runtime/Content/gltf/MaterialFunctions/MF_RotateNormals_TS.uasset" 694
"../../../Engine/Plugins/Interchange/Runtime/Content/gltf/MaterialFunctions/MF_RotateNormals_TS.uexp" 695
"../../../Engine/Plugins/Interchange/Runtime/Content/gltf/Textures/T_Generic_N.uasset" 696
"../../../Engine/Plugins/Interchange/Runtime/Content/gltf/Textures/T_Generic_N.uexp" 697
"../../../Engine/Plugins/Interchange/Runtime/Content/gltf/MaterialFunctions/MF_Normals.uasset" 698
"../../../Engine/Plugins/Interchange/Runtime/Content/gltf/MaterialFunctions/MF_Normals.uexp" 699
"../../../Engine/Plugins/Interchange/Runtime/Content/gltf/MaterialBodies/MF_Transmission_Body.uasset" 700
"../../../Engine/Plugins/Interchange/Runtime/Content/gltf/MaterialBodies/MF_Transmission_Body.uexp" 701
"../../../Engine/Plugins/Interchange/Runtime/Content/gltf/M_Transmission.uasset" 702
"../../../Engine/Plugins/Interchange/Runtime/Content/gltf/M_Transmission.uexp" 703
"../../../Engine/Plugins/Interchange/Runtime/Content/gltf/MaterialInstances/MI_Transmission_DS.uasset" 704
"../../../Engine/Plugins/Interchange/Runtime/Content/gltf/MaterialInstances/MI_Transmission_DS.uexp" 705
"../../../Engine/Plugins/Interchange/Runtime/Content/gltf/MaterialInstances/MI_Transmission.uasset" 706
"../../../Engine/Plugins/Interchange/Runtime/Content/gltf/MaterialInstances/MI_Transmission.uexp" 707
"../../../Engine/Plugins/Interchange/Runtime/Content/gltf/MaterialFunctions/MF_DiffuseSpecGloss.uasset" 708
"../../../Engine/Plugins/Interchange/Runtime/Content/gltf/MaterialFunctions/MF_DiffuseSpecGloss.uexp" 709
"../../../Engine/Content/Functions/Engine_MaterialFunctions02/Math/AddComponents.uasset" 710
"../../../Engine/Content/Functions/Engine_MaterialFunctions02/Math/AddComponents.uexp" 711
"../../../Engine/Plugins/Interchange/Runtime/Content/gltf/MaterialFunctions/MF_PerceivedBrightness.uasset" 712
"../../../Engine/Plugins/Interchange/Runtime/Content/gltf/MaterialFunctions/MF_PerceivedBrightness.uexp" 713
"../../../Engine/Plugins/Interchange/Runtime/Content/gltf/MaterialFunctions/MF_Emissive.uasset" 714
"../../../Engine/Plugins/Interchange/Runtime/Content/gltf/MaterialFunctions/MF_Emissive.uexp" 715
"../../../Engine/Plugins/Interchange/Runtime/Content/gltf/MaterialFunctions/MF_SpecGlossToMetalRoughness.uasset" 716
"../../../Engine/Plugins/Interchange/Runtime/Content/gltf/MaterialFunctions/MF_SpecGlossToMetalRoughness.uexp" 717
"../../../Engine/Plugins/Interchange/Runtime/Content/gltf/MaterialBodies/MF_SpecularGlossiness_Body.uasset" 718
"../../../Engine/Plugins/Interchange/Runtime/Content/gltf/MaterialBodies/MF_SpecularGlossiness_Body.uexp" 719
"../../../Engine/Plugins/Interchange/Runtime/Content/gltf/M_SpecularGlossiness.uasset" 720
"../../../Engine/Plugins/Interchange/Runtime/Content/gltf/M_SpecularGlossiness.uexp" 721
"../../../Engine/Plugins/Interchange/Runtime/Content/gltf/MaterialInstances/MI_SpecularGlossiness_Opaque_DS.uasset" 722
"../../../Engine/Plugins/Interchange/Runtime/Content/gltf/MaterialInstances/MI_SpecularGlossiness_Opaque_DS.uexp" 723
"../../../Engine/Plugins/Interchange/Runtime/Content/gltf/MaterialInstances/MI_SpecularGlossiness_Opaque.uasset" 724
"../../../Engine/Plugins/Interchange/Runtime/Content/gltf/MaterialInstances/MI_SpecularGlossiness_Opaque.uexp" 725
"../../../Engine/Plugins/Interchange/Runtime/Content/gltf/MaterialInstances/MI_SpecularGlossiness_Mask_DS.uasset" 726
"../../../Engine/Plugins/Interchange/Runtime/Content/gltf/MaterialInstances/MI_SpecularGlossiness_Mask_DS.uexp" 727
"../../../Engine/Plugins/Interchange/Runtime/Content/gltf/MaterialInstances/MI_SpecularGlossiness_Mask.uasset" 728
"../../../Engine/Plugins/Interchange/Runtime/Content/gltf/MaterialInstances/MI_SpecularGlossiness_Mask.uexp" 729
"../../../Engine/Plugins/Interchange/Runtime/Content/gltf/MaterialInstances/MI_SpecularGlossiness_Blend_DS.uasset" 730
"../../../Engine/Plugins/Interchange/Runtime/Content/gltf/MaterialInstances/MI_SpecularGlossiness_Blend_DS.uexp" 731
"../../../Engine/Plugins/Interchange/Runtime/Content/gltf/MaterialInstances/MI_SpecularGlossiness_Blend.uasset" 732
"../../../Engine/Plugins/Interchange/Runtime/Content/gltf/MaterialInstances/MI_SpecularGlossiness_Blend.uexp" 733
"../../../Engine/Plugins/Interchange/Runtime/Content/gltf/MaterialFunctions/MF_Sheen.uasset" 734
"../../../Engine/Plugins/Interchange/Runtime/Content/gltf/MaterialFunctions/MF_Sheen.uexp" 735
"../../../Engine/Plugins/Interchange/Runtime/Content/gltf/MaterialBodies/MF_Sheen_Body.uasset" 736
"../../../Engine/Plugins/Interchange/Runtime/Content/gltf/MaterialBodies/MF_Sheen_Body.uexp" 737
"../../../Engine/Plugins/Interchange/Runtime/Content/gltf/M_Sheen.uasset" 738
"../../../Engine/Plugins/Interchange/Runtime/Content/gltf/M_Sheen.uexp" 739
"../../../Engine/Plugins/Interchange/Runtime/Content/gltf/MaterialInstances/MI_Sheen_Opaque_DS.uasset" 740
"../../../Engine/Plugins/Interchange/Runtime/Content/gltf/MaterialInstances/MI_Sheen_Opaque_DS.uexp" 741
"../../../Engine/Plugins/Interchange/Runtime/Content/gltf/MaterialInstances/MI_Sheen_Opaque.uasset" 742
"../../../Engine/Plugins/Interchange/Runtime/Content/gltf/MaterialInstances/MI_Sheen_Opaque.uexp" 743
"../../../Engine/Plugins/Interchange/Runtime/Content/gltf/MaterialInstances/MI_Sheen_Mask_DS.uasset" 744
"../../../Engine/Plugins/Interchange/Runtime/Content/gltf/MaterialInstances/MI_Sheen_Mask_DS.uexp" 745
"../../../Engine/Plugins/Interchange/Runtime/Content/gltf/MaterialInstances/MI_Sheen_Mask.uasset" 746
"../../../Engine/Plugins/Interchange/Runtime/Content/gltf/MaterialInstances/MI_Sheen_Mask.uexp" 747
"../../../Engine/Plugins/Interchange/Runtime/Content/gltf/MaterialInstances/MI_Sheen_Blend_DS.uasset" 748
"../../../Engine/Plugins/Interchange/Runtime/Content/gltf/MaterialInstances/MI_Sheen_Blend_DS.uexp" 749
"../../../Engine/Plugins/Interchange/Runtime/Content/gltf/MaterialInstances/MI_Sheen_Blend.uasset" 750
"../../../Engine/Plugins/Interchange/Runtime/Content/gltf/MaterialInstances/MI_Sheen_Blend.uexp" 751
"../../../Engine/Plugins/Interchange/Runtime/Content/gltf/MaterialBodies/MF_Default_Body.uasset" 752
"../../../Engine/Plugins/Interchange/Runtime/Content/gltf/MaterialBodies/MF_Default_Body.uexp" 753
"../../../Engine/Plugins/Interchange/Runtime/Content/gltf/M_Default.uasset" 754
"../../../Engine/Plugins/Interchange/Runtime/Content/gltf/M_Default.uexp" 755
"../../../Engine/Plugins/Interchange/Runtime/Content/gltf/MaterialInstances/MI_Default_Opaque_DS.uasset" 756
"../../../Engine/Plugins/Interchange/Runtime/Content/gltf/MaterialInstances/MI_Default_Opaque_DS.uexp" 757
"../../../Engine/Plugins/Interchange/Runtime/Content/gltf/MaterialInstances/MI_Default_Opaque.uasset" 758
"../../../Engine/Plugins/Interchange/Runtime/Content/gltf/MaterialInstances/MI_Default_Opaque.uexp" 759
"../../../Engine/Plugins/Interchange/Runtime/Content/gltf/MaterialInstances/MI_Default_Mask_DS.uasset" 760
"../../../Engine/Plugins/Interchange/Runtime/Content/gltf/MaterialInstances/MI_Default_Mask_DS.uexp" 761
"../../../Engine/Plugins/Interchange/Runtime/Content/gltf/MaterialInstances/MI_Default_Mask.uasset" 762
"../../../Engine/Plugins/Interchange/Runtime/Content/gltf/MaterialInstances/MI_Default_Mask.uexp" 763
"../../../Engine/Plugins/Interchange/Runtime/Content/gltf/MaterialInstances/MI_Default_Blend_DS.uasset" 764
"../../../Engine/Plugins/Interchange/Runtime/Content/gltf/MaterialInstances/MI_Default_Blend_DS.uexp" 765
"../../../Engine/Plugins/Interchange/Runtime/Content/gltf/MaterialInstances/MI_Default_Blend.uasset" 766
"../../../Engine/Plugins/Interchange/Runtime/Content/gltf/MaterialInstances/MI_Default_Blend.uexp" 767
"../../../Engine/Content/Functions/Engine_MaterialFunctions01/Texturing/FlattenNormal.uasset" 768
"../../../Engine/Content/Functions/Engine_MaterialFunctions01/Texturing/FlattenNormal.uexp" 769
"../../../Engine/Plugins/Interchange/Runtime/Content/gltf/MaterialFunctions/MF_Clearcoat.uasset" 770
"../../../Engine/Plugins/Interchange/Runtime/Content/gltf/MaterialFunctions/MF_Clearcoat.uexp" 771
"../../../Engine/Plugins/Interchange/Runtime/Content/gltf/MaterialBodies/MF_ClearCoat_Body.uasset" 772
"../../../Engine/Plugins/Interchange/Runtime/Content/gltf/MaterialBodies/MF_ClearCoat_Body.uexp" 773
"../../../Engine/Plugins/Interchange/Runtime/Content/gltf/M_ClearCoat.uasset" 774
"../../../Engine/Plugins/Interchange/Runtime/Content/gltf/M_ClearCoat.uexp" 775
"../../../Engine/Plugins/Interchange/Runtime/Content/gltf/MaterialInstances/MI_ClearCoat_Opaque_DS.uasset" 776
"../../../Engine/Plugins/Interchange/Runtime/Content/gltf/MaterialInstances/MI_ClearCoat_Opaque_DS.uexp" 777
"../../../Engine/Plugins/Interchange/Runtime/Content/gltf/MaterialInstances/MI_ClearCoat_Opaque.uasset" 778
"../../../Engine/Plugins/Interchange/Runtime/Content/gltf/MaterialInstances/MI_ClearCoat_Opaque.uexp" 779
"../../../Engine/Plugins/Interchange/Runtime/Content/gltf/MaterialInstances/MI_ClearCoat_Mask_DS.uasset" 780
"../../../Engine/Plugins/Interchange/Runtime/Content/gltf/MaterialInstances/MI_ClearCoat_Mask_DS.uexp" 781
"../../../Engine/Plugins/Interchange/Runtime/Content/gltf/MaterialInstances/MI_ClearCoat_Mask.uasset" 782
"../../../Engine/Plugins/Interchange/Runtime/Content/gltf/MaterialInstances/MI_ClearCoat_Mask.uexp" 783
"../../../Engine/Plugins/Interchange/Runtime/Content/gltf/MaterialInstances/MI_ClearCoat_Blend_DS.uasset" 784
"../../../Engine/Plugins/Interchange/Runtime/Content/gltf/MaterialInstances/MI_ClearCoat_Blend_DS.uexp" 785
"../../../Engine/Plugins/Interchange/Runtime/Content/gltf/MaterialInstances/MI_ClearCoat_Blend.uasset" 786
"../../../Engine/Plugins/Interchange/Runtime/Content/gltf/MaterialInstances/MI_ClearCoat_Blend.uexp" 787
"../../../Engine/Content/EngineSky/VolumetricClouds/CloudWeatherTexture.uasset" 788
"../../../Engine/Content/EngineSky/VolumetricClouds/CloudWeatherTexture.uexp" 789
"../../../Engine/Content/Functions/Engine_MaterialFunctions02/Utility/MakeFloat2.uasset" 790
"../../../Engine/Content/Functions/Engine_MaterialFunctions02/Utility/MakeFloat2.uexp" 791
"../../../Engine/Content/EngineSky/VolumetricClouds/CloudGradientTexture.uasset" 792
"../../../Engine/Content/EngineSky/VolumetricClouds/CloudGradientTexture.uexp" 793
"../../../Engine/Content/EngineSky/VolumetricClouds/T_NoiseShape64.ubulk" 794
"../../../Engine/Content/EngineSky/VolumetricClouds/T_NoiseShape64.uasset" 795
"../../../Engine/Content/EngineSky/VolumetricClouds/T_NoiseShape64.uexp" 796
"../../../Engine/Content/EngineSky/VolumetricClouds/T_VolumeNoiseShape64.uasset" 797
"../../../Engine/Content/EngineSky/VolumetricClouds/T_VolumeNoiseShape64.uexp" 798
"../../../Engine/Content/EngineSky/VolumetricClouds/T_NoiseErosion.ubulk" 799
"../../../Engine/Content/EngineSky/VolumetricClouds/T_NoiseErosion.uasset" 800
"../../../Engine/Content/EngineSky/VolumetricClouds/T_NoiseErosion.uexp" 801
"../../../Engine/Content/EngineSky/VolumetricClouds/T_VolumeNoiseErosion32.uasset" 802
"../../../Engine/Content/EngineSky/VolumetricClouds/T_VolumeNoiseErosion32.uexp" 803
"../../../Engine/Content/EngineSky/VolumetricClouds/m_SimpleVolumetricCloud.uasset" 804
"../../../Engine/Content/EngineSky/VolumetricClouds/m_SimpleVolumetricCloud.uexp" 805
"../../../Engine/Content/EngineSky/VolumetricClouds/m_SimpleVolumetricCloud_Inst.uasset" 806
"../../../Engine/Content/EngineSky/VolumetricClouds/m_SimpleVolumetricCloud_Inst.uexp" 807
"../../../Engine/Content/EngineResources/FilmGrains/Marcie_Grain_v3_128_M2_000.uasset" 808
"../../../Engine/Content/EngineResources/FilmGrains/Marcie_Grain_v3_128_M2_000.uexp" 809
"../../../Engine/Content/EditorResources/SequenceRecorder/RecordingIndicator.uasset" 810
"../../../Engine/Content/EditorResources/SequenceRecorder/RecordingIndicator.uexp" 811
"../../../Engine/Content/EditorResources/SequenceRecorder/Countdown.uasset" 812
"../../../Engine/Content/EditorResources/SequenceRecorder/Countdown.uexp" 813
"../../../Engine/Content/EditorMaterials/Dataflow/DataflowVertexMaterial.uasset" 814
"../../../Engine/Content/EditorMaterials/Dataflow/DataflowVertexMaterial.uexp" 815
"../../../Engine/Content/Functions/Engine_MaterialFunctions01/Shading/PowerToRoughness.uasset" 816
"../../../Engine/Content/Functions/Engine_MaterialFunctions01/Shading/PowerToRoughness.uexp" 817
"../../../Engine/Content/Functions/Engine_MaterialFunctions01/Shading/ConvertFromDiffSpec.uasset" 818
"../../../Engine/Content/Functions/Engine_MaterialFunctions01/Shading/ConvertFromDiffSpec.uexp" 819
"../../../Engine/Content/EngineMaterials/Substrate/Volume/SubstrateSimpleVolumeLUT3D.uasset" 820
"../../../Engine/Content/EngineMaterials/Substrate/Volume/SubstrateSimpleVolumeLUT3D.uexp" 821
"../../../Engine/Content/EngineMaterials/Substrate/Volume/SubstrateSimpleVolumeEnvLUT3D.uasset" 822
"../../../Engine/Content/EngineMaterials/Substrate/Volume/SubstrateSimpleVolumeEnvLUT3D.uexp" 823
"../../../Engine/Content/EngineMaterials/Substrate/GLints2/AGlintTex2dArray2.uasset" 824
"../../../Engine/Content/EngineMaterials/Substrate/GLints2/AGlintTex2dArray2.uexp" 825
"../../../Engine/Content/EngineMaterials/Substrate/GLints/AGlintTex2dArray.uasset" 826
"../../../Engine/Content/EngineMaterials/Substrate/GLints/AGlintTex2dArray.uexp" 827
"../../../Engine/Content/BasicShapes/Cube.ubulk" 828
"../../../Engine/Content/BasicShapes/Cube.uasset" 829
"../../../Engine/Content/BasicShapes/Cube.uexp" 830
"D:/SVN/Eleves/tfournier/Projet Perso/AI-CrowdSystem-First-Demo/HideFromMonster/Content/LevelPrototyping/Textures/T_GridChecker_A.ubulk" 831
"D:/SVN/Eleves/tfournier/Projet Perso/AI-CrowdSystem-First-Demo/HideFromMonster/Content/LevelPrototyping/Textures/T_GridChecker_A.uasset" 832
"D:/SVN/Eleves/tfournier/Projet Perso/AI-CrowdSystem-First-Demo/HideFromMonster/Content/LevelPrototyping/Textures/T_GridChecker_A.uexp" 833
"../../../Engine/Content/Functions/Engine_MaterialFunctions01/Gradient/LinearGradient.uasset" 834
"../../../Engine/Content/Functions/Engine_MaterialFunctions01/Gradient/LinearGradient.uexp" 835
"../../../Engine/Content/Functions/Engine_MaterialFunctions01/ImageAdjustment/CheapContrast.uasset" 836
"../../../Engine/Content/Functions/Engine_MaterialFunctions01/ImageAdjustment/CheapContrast.uexp" 837
"D:/SVN/Eleves/tfournier/Projet Perso/AI-CrowdSystem-First-Demo/HideFromMonster/Content/LevelPrototyping/Materials/MF_ProcGrid.uasset" 838
"D:/SVN/Eleves/tfournier/Projet Perso/AI-CrowdSystem-First-Demo/HideFromMonster/Content/LevelPrototyping/Materials/MF_ProcGrid.uexp" 839
"D:/SVN/Eleves/tfournier/Projet Perso/AI-CrowdSystem-First-Demo/HideFromMonster/Content/LevelPrototyping/Materials/M_PrototypeGrid.uasset" 840
"D:/SVN/Eleves/tfournier/Projet Perso/AI-CrowdSystem-First-Demo/HideFromMonster/Content/LevelPrototyping/Materials/M_PrototypeGrid.uexp" 841
"D:/SVN/Eleves/tfournier/Projet Perso/AI-CrowdSystem-First-Demo/HideFromMonster/Content/LevelPrototyping/Materials/MI_PrototypeGrid_Gray.uasset" 842
"D:/SVN/Eleves/tfournier/Projet Perso/AI-CrowdSystem-First-Demo/HideFromMonster/Content/LevelPrototyping/Materials/MI_PrototypeGrid_Gray.uexp" 843
"D:/SVN/Eleves/tfournier/Projet Perso/AI-CrowdSystem-First-Demo/HideFromMonster/Content/Characters/Mannequins/Meshes/SK_Mannequin.uasset" 844
"D:/SVN/Eleves/tfournier/Projet Perso/AI-CrowdSystem-First-Demo/HideFromMonster/Content/Characters/Mannequins/Meshes/SK_Mannequin.uexp" 845
"D:/SVN/Eleves/tfournier/Projet Perso/AI-CrowdSystem-First-Demo/HideFromMonster/Content/Characters/Mannequins/Rigs/Poses/Manny/Manny_foot_l_pose.uasset" 846
"D:/SVN/Eleves/tfournier/Projet Perso/AI-CrowdSystem-First-Demo/HideFromMonster/Content/Characters/Mannequins/Rigs/Poses/Manny/Manny_foot_l_pose.uexp" 847
"D:/SVN/Eleves/tfournier/Projet Perso/AI-CrowdSystem-First-Demo/HideFromMonster/Content/Characters/Mannequins/Rigs/Poses/Manny/Manny_thigh_r_pose.uasset" 848
"D:/SVN/Eleves/tfournier/Projet Perso/AI-CrowdSystem-First-Demo/HideFromMonster/Content/Characters/Mannequins/Rigs/Poses/Manny/Manny_thigh_r_pose.uexp" 849
"D:/SVN/Eleves/tfournier/Projet Perso/AI-CrowdSystem-First-Demo/HideFromMonster/Content/Characters/Mannequins/Rigs/Poses/Manny/Manny_hand_r_pose.uasset" 850
"D:/SVN/Eleves/tfournier/Projet Perso/AI-CrowdSystem-First-Demo/HideFromMonster/Content/Characters/Mannequins/Rigs/Poses/Manny/Manny_hand_r_pose.uexp" 851
"D:/SVN/Eleves/tfournier/Projet Perso/AI-CrowdSystem-First-Demo/HideFromMonster/Content/Characters/Mannequins/Rigs/Poses/Manny/Manny_clavicle_l_pose.uasset" 852
"D:/SVN/Eleves/tfournier/Projet Perso/AI-CrowdSystem-First-Demo/HideFromMonster/Content/Characters/Mannequins/Rigs/Poses/Manny/Manny_clavicle_l_pose.uexp" 853
"D:/SVN/Eleves/tfournier/Projet Perso/AI-CrowdSystem-First-Demo/HideFromMonster/Content/Characters/Mannequins/Rigs/Poses/Manny/Manny_calf_l_pose.uasset" 854
"D:/SVN/Eleves/tfournier/Projet Perso/AI-CrowdSystem-First-Demo/HideFromMonster/Content/Characters/Mannequins/Rigs/Poses/Manny/Manny_calf_l_pose.uexp" 855
"D:/SVN/Eleves/tfournier/Projet Perso/AI-CrowdSystem-First-Demo/HideFromMonster/Content/Characters/Mannequins/Rigs/Poses/Manny/Manny_hand_l_pose.uasset" 856
"D:/SVN/Eleves/tfournier/Projet Perso/AI-CrowdSystem-First-Demo/HideFromMonster/Content/Characters/Mannequins/Rigs/Poses/Manny/Manny_hand_l_pose.uexp" 857
"../../../Engine/Plugins/Animation/ControlRig/Content/Controls/DefaultGizmoLibrary.uasset" 858
"../../../Engine/Plugins/Animation/ControlRig/Content/Controls/DefaultGizmoLibrary.uexp" 859
"D:/SVN/Eleves/tfournier/Projet Perso/AI-CrowdSystem-First-Demo/HideFromMonster/Content/Characters/Mannequins/Rigs/CR_Mannequin_Procedural.uasset" 860
"D:/SVN/Eleves/tfournier/Projet Perso/AI-CrowdSystem-First-Demo/HideFromMonster/Content/Characters/Mannequins/Rigs/CR_Mannequin_Procedural.uexp" 861
"D:/SVN/Eleves/tfournier/Projet Perso/AI-CrowdSystem-First-Demo/HideFromMonster/Content/Characters/Mannequins/Rigs/Poses/Manny/Manny_upperarm_r_pose.uasset" 862
"D:/SVN/Eleves/tfournier/Projet Perso/AI-CrowdSystem-First-Demo/HideFromMonster/Content/Characters/Mannequins/Rigs/Poses/Manny/Manny_upperarm_r_pose.uexp" 863
"D:/SVN/Eleves/tfournier/Projet Perso/AI-CrowdSystem-First-Demo/HideFromMonster/Content/Characters/Mannequins/Rigs/Poses/Manny/Manny_lowerarm_r_pose.uasset" 864
"D:/SVN/Eleves/tfournier/Projet Perso/AI-CrowdSystem-First-Demo/HideFromMonster/Content/Characters/Mannequins/Rigs/Poses/Manny/Manny_lowerarm_r_pose.uexp" 865
"D:/SVN/Eleves/tfournier/Projet Perso/AI-CrowdSystem-First-Demo/HideFromMonster/Content/Characters/Mannequins/Rigs/Poses/Manny/Manny_calf_r_pose.uasset" 866
"D:/SVN/Eleves/tfournier/Projet Perso/AI-CrowdSystem-First-Demo/HideFromMonster/Content/Characters/Mannequins/Rigs/Poses/Manny/Manny_calf_r_pose.uexp" 867
"D:/SVN/Eleves/tfournier/Projet Perso/AI-CrowdSystem-First-Demo/HideFromMonster/Content/Characters/Mannequins/Rigs/Poses/Manny/Manny_foot_r_pose.uasset" 868
"D:/SVN/Eleves/tfournier/Projet Perso/AI-CrowdSystem-First-Demo/HideFromMonster/Content/Characters/Mannequins/Rigs/Poses/Manny/Manny_foot_r_pose.uexp" 869
"D:/SVN/Eleves/tfournier/Projet Perso/AI-CrowdSystem-First-Demo/HideFromMonster/Content/Characters/Mannequins/Rigs/Poses/Manny/Manny_lowerarm_l_pose.uasset" 870
"D:/SVN/Eleves/tfournier/Projet Perso/AI-CrowdSystem-First-Demo/HideFromMonster/Content/Characters/Mannequins/Rigs/Poses/Manny/Manny_lowerarm_l_pose.uexp" 871
"D:/SVN/Eleves/tfournier/Projet Perso/AI-CrowdSystem-First-Demo/HideFromMonster/Content/Characters/Mannequins/Rigs/Poses/Manny/Manny_clavicle_r_pose.uasset" 872
"D:/SVN/Eleves/tfournier/Projet Perso/AI-CrowdSystem-First-Demo/HideFromMonster/Content/Characters/Mannequins/Rigs/Poses/Manny/Manny_clavicle_r_pose.uexp" 873
"D:/SVN/Eleves/tfournier/Projet Perso/AI-CrowdSystem-First-Demo/HideFromMonster/Content/Characters/Mannequins/Rigs/Poses/Manny/Manny_thigh_l_pose.uasset" 874
"D:/SVN/Eleves/tfournier/Projet Perso/AI-CrowdSystem-First-Demo/HideFromMonster/Content/Characters/Mannequins/Rigs/Poses/Manny/Manny_thigh_l_pose.uexp" 875
"D:/SVN/Eleves/tfournier/Projet Perso/AI-CrowdSystem-First-Demo/HideFromMonster/Content/Characters/Mannequins/Rigs/Poses/Manny/Manny_upperarm_l_pose.uasset" 876
"D:/SVN/Eleves/tfournier/Projet Perso/AI-CrowdSystem-First-Demo/HideFromMonster/Content/Characters/Mannequins/Rigs/Poses/Manny/Manny_upperarm_l_pose.uexp" 877
"D:/SVN/Eleves/tfournier/Projet Perso/AI-CrowdSystem-First-Demo/HideFromMonster/Content/Characters/Mannequins/Rigs/ABP_Manny_PostProcess.uasset" 878
"D:/SVN/Eleves/tfournier/Projet Perso/AI-CrowdSystem-First-Demo/HideFromMonster/Content/Characters/Mannequins/Rigs/ABP_Manny_PostProcess.uexp" 879
"D:/SVN/Eleves/tfournier/Projet Perso/AI-CrowdSystem-First-Demo/HideFromMonster/Content/Characters/Mannequins/Textures/Manny/T_Manny_02_MSR_MSK.ubulk" 880
"D:/SVN/Eleves/tfournier/Projet Perso/AI-CrowdSystem-First-Demo/HideFromMonster/Content/Characters/Mannequins/Textures/Manny/T_Manny_02_MSR_MSK.uasset" 881
"D:/SVN/Eleves/tfournier/Projet Perso/AI-CrowdSystem-First-Demo/HideFromMonster/Content/Characters/Mannequins/Textures/Manny/T_Manny_02_MSR_MSK.uexp" 882
"D:/SVN/Eleves/tfournier/Projet Perso/AI-CrowdSystem-First-Demo/HideFromMonster/Content/Characters/Mannequins/Textures/Manny/T_Manny_02_CCRCCPlastic_MSK.ubulk" 883
"D:/SVN/Eleves/tfournier/Projet Perso/AI-CrowdSystem-First-Demo/HideFromMonster/Content/Characters/Mannequins/Textures/Manny/T_Manny_02_CCRCCPlastic_MSK.uasset" 884
"D:/SVN/Eleves/tfournier/Projet Perso/AI-CrowdSystem-First-Demo/HideFromMonster/Content/Characters/Mannequins/Textures/Manny/T_Manny_02_CCRCCPlastic_MSK.uexp" 885
"D:/SVN/Eleves/tfournier/Projet Perso/AI-CrowdSystem-First-Demo/HideFromMonster/Content/Characters/Mannequins/Textures/Manny/T_Manny_02_Tan.ubulk" 886
"D:/SVN/Eleves/tfournier/Projet Perso/AI-CrowdSystem-First-Demo/HideFromMonster/Content/Characters/Mannequins/Textures/Manny/T_Manny_02_Tan.uasset" 887
"D:/SVN/Eleves/tfournier/Projet Perso/AI-CrowdSystem-First-Demo/HideFromMonster/Content/Characters/Mannequins/Textures/Manny/T_Manny_02_Tan.uexp" 888
"D:/SVN/Eleves/tfournier/Projet Perso/AI-CrowdSystem-First-Demo/HideFromMonster/Content/Characters/Mannequins/Textures/Manny/T_Manny_02_N.ubulk" 889
"D:/SVN/Eleves/tfournier/Projet Perso/AI-CrowdSystem-First-Demo/HideFromMonster/Content/Characters/Mannequins/Textures/Manny/T_Manny_02_N.uasset" 890
"D:/SVN/Eleves/tfournier/Projet Perso/AI-CrowdSystem-First-Demo/HideFromMonster/Content/Characters/Mannequins/Textures/Manny/T_Manny_02_N.uexp" 891
"D:/SVN/Eleves/tfournier/Projet Perso/AI-CrowdSystem-First-Demo/HideFromMonster/Content/Characters/Mannequins/Textures/Manny/T_Manny_01_N.ubulk" 892
"D:/SVN/Eleves/tfournier/Projet Perso/AI-CrowdSystem-First-Demo/HideFromMonster/Content/Characters/Mannequins/Textures/Manny/T_Manny_01_N.uasset" 893
"D:/SVN/Eleves/tfournier/Projet Perso/AI-CrowdSystem-First-Demo/HideFromMonster/Content/Characters/Mannequins/Textures/Manny/T_Manny_01_N.uexp" 894
"D:/SVN/Eleves/tfournier/Projet Perso/AI-CrowdSystem-First-Demo/HideFromMonster/Content/Characters/Mannequins/Materials/Functions/ChromaticCurve.uasset" 895
"D:/SVN/Eleves/tfournier/Projet Perso/AI-CrowdSystem-First-Demo/HideFromMonster/Content/Characters/Mannequins/Materials/Functions/ChromaticCurve.uexp" 896
"D:/SVN/Eleves/tfournier/Projet Perso/AI-CrowdSystem-First-Demo/HideFromMonster/Content/Characters/Mannequins/Materials/Functions/CA_Mannequin.uasset" 897
"D:/SVN/Eleves/tfournier/Projet Perso/AI-CrowdSystem-First-Demo/HideFromMonster/Content/Characters/Mannequins/Materials/Functions/CA_Mannequin.uexp" 898
"D:/SVN/Eleves/tfournier/Projet Perso/AI-CrowdSystem-First-Demo/HideFromMonster/Content/Characters/Mannequins/Materials/Functions/MF_Diffraction.uasset" 899
"D:/SVN/Eleves/tfournier/Projet Perso/AI-CrowdSystem-First-Demo/HideFromMonster/Content/Characters/Mannequins/Materials/Functions/MF_Diffraction.uexp" 900
"D:/SVN/Eleves/tfournier/Projet Perso/AI-CrowdSystem-First-Demo/HideFromMonster/Content/Characters/Mannequins/Materials/Functions/ML_BaseColorFallOff.uasset" 901
"D:/SVN/Eleves/tfournier/Projet Perso/AI-CrowdSystem-First-Demo/HideFromMonster/Content/Characters/Mannequins/Materials/Functions/ML_BaseColorFallOff.uexp" 902
"../../../Engine/Content/Functions/Engine_MaterialFunctions01/Texturing/ScaleUVsByCenter.uasset" 903
"../../../Engine/Content/Functions/Engine_MaterialFunctions01/Texturing/ScaleUVsByCenter.uexp" 904
"D:/SVN/Eleves/tfournier/Projet Perso/AI-CrowdSystem-First-Demo/HideFromMonster/Content/Characters/Mannequins/Textures/Shared/T_UE_Logo_M.uasset" 905
"D:/SVN/Eleves/tfournier/Projet Perso/AI-CrowdSystem-First-Demo/HideFromMonster/Content/Characters/Mannequins/Textures/Shared/T_UE_Logo_M.uexp" 906
"D:/SVN/Eleves/tfournier/Projet Perso/AI-CrowdSystem-First-Demo/HideFromMonster/Content/Characters/Mannequins/Materials/Functions/MF_logo3layers.uasset" 907
"D:/SVN/Eleves/tfournier/Projet Perso/AI-CrowdSystem-First-Demo/HideFromMonster/Content/Characters/Mannequins/Materials/Functions/MF_logo3layers.uexp" 908
"D:/SVN/Eleves/tfournier/Projet Perso/AI-CrowdSystem-First-Demo/HideFromMonster/Content/Characters/Mannequins/Textures/Manny/T_Manny_01_CCRCCPlastic_MSK.ubulk" 909
"D:/SVN/Eleves/tfournier/Projet Perso/AI-CrowdSystem-First-Demo/HideFromMonster/Content/Characters/Mannequins/Textures/Manny/T_Manny_01_CCRCCPlastic_MSK.uasset" 910
"D:/SVN/Eleves/tfournier/Projet Perso/AI-CrowdSystem-First-Demo/HideFromMonster/Content/Characters/Mannequins/Textures/Manny/T_Manny_01_CCRCCPlastic_MSK.uexp" 911
"D:/SVN/Eleves/tfournier/Projet Perso/AI-CrowdSystem-First-Demo/HideFromMonster/Content/Characters/Mannequins/Textures/Manny/T_Manny_01_ASAOPMASK_MSK.ubulk" 912
"D:/SVN/Eleves/tfournier/Projet Perso/AI-CrowdSystem-First-Demo/HideFromMonster/Content/Characters/Mannequins/Textures/Manny/T_Manny_01_ASAOPMASK_MSK.uasset" 913
"D:/SVN/Eleves/tfournier/Projet Perso/AI-CrowdSystem-First-Demo/HideFromMonster/Content/Characters/Mannequins/Textures/Manny/T_Manny_01_ASAOPMASK_MSK.uexp" 914
"D:/SVN/Eleves/tfournier/Projet Perso/AI-CrowdSystem-First-Demo/HideFromMonster/Content/Characters/Mannequins/Textures/Manny/T_Manny_01_MSR_MSK.ubulk" 915
"D:/SVN/Eleves/tfournier/Projet Perso/AI-CrowdSystem-First-Demo/HideFromMonster/Content/Characters/Mannequins/Textures/Manny/T_Manny_01_MSR_MSK.uasset" 916
"D:/SVN/Eleves/tfournier/Projet Perso/AI-CrowdSystem-First-Demo/HideFromMonster/Content/Characters/Mannequins/Textures/Manny/T_Manny_01_MSR_MSK.uexp" 917
"D:/SVN/Eleves/tfournier/Projet Perso/AI-CrowdSystem-First-Demo/HideFromMonster/Content/Characters/Mannequins/Textures/Manny/T_Manny_01_BN.ubulk" 918
"D:/SVN/Eleves/tfournier/Projet Perso/AI-CrowdSystem-First-Demo/HideFromMonster/Content/Characters/Mannequins/Textures/Manny/T_Manny_01_BN.uasset" 919
"D:/SVN/Eleves/tfournier/Projet Perso/AI-CrowdSystem-First-Demo/HideFromMonster/Content/Characters/Mannequins/Textures/Manny/T_Manny_01_BN.uexp" 920
"D:/SVN/Eleves/tfournier/Projet Perso/AI-CrowdSystem-First-Demo/HideFromMonster/Content/Characters/Mannequins/Textures/Manny/T_Manny_01_D.ubulk" 921
"D:/SVN/Eleves/tfournier/Projet Perso/AI-CrowdSystem-First-Demo/HideFromMonster/Content/Characters/Mannequins/Textures/Manny/T_Manny_01_D.uasset" 922
"D:/SVN/Eleves/tfournier/Projet Perso/AI-CrowdSystem-First-Demo/HideFromMonster/Content/Characters/Mannequins/Textures/Manny/T_Manny_01_D.uexp" 923
"D:/SVN/Eleves/tfournier/Projet Perso/AI-CrowdSystem-First-Demo/HideFromMonster/Content/Characters/Mannequins/Textures/Manny/T_Manny_01_Tan.ubulk" 924
"D:/SVN/Eleves/tfournier/Projet Perso/AI-CrowdSystem-First-Demo/HideFromMonster/Content/Characters/Mannequins/Textures/Manny/T_Manny_01_Tan.uasset" 925
"D:/SVN/Eleves/tfournier/Projet Perso/AI-CrowdSystem-First-Demo/HideFromMonster/Content/Characters/Mannequins/Textures/Manny/T_Manny_01_Tan.uexp" 926
"D:/SVN/Eleves/tfournier/Projet Perso/AI-CrowdSystem-First-Demo/HideFromMonster/Content/Characters/Mannequins/Materials/M_Mannequin.uasset" 927
"D:/SVN/Eleves/tfournier/Projet Perso/AI-CrowdSystem-First-Demo/HideFromMonster/Content/Characters/Mannequins/Materials/M_Mannequin.uexp" 928
"D:/SVN/Eleves/tfournier/Projet Perso/AI-CrowdSystem-First-Demo/HideFromMonster/Content/Characters/Mannequins/Materials/Instances/Manny/MI_Manny_01.uasset" 929
"D:/SVN/Eleves/tfournier/Projet Perso/AI-CrowdSystem-First-Demo/HideFromMonster/Content/Characters/Mannequins/Materials/Instances/Manny/MI_Manny_01.uexp" 930
"D:/SVN/Eleves/tfournier/Projet Perso/AI-CrowdSystem-First-Demo/HideFromMonster/Content/Characters/Mannequins/Textures/Manny/T_Manny_02_BN.ubulk" 931
"D:/SVN/Eleves/tfournier/Projet Perso/AI-CrowdSystem-First-Demo/HideFromMonster/Content/Characters/Mannequins/Textures/Manny/T_Manny_02_BN.uasset" 932
"D:/SVN/Eleves/tfournier/Projet Perso/AI-CrowdSystem-First-Demo/HideFromMonster/Content/Characters/Mannequins/Textures/Manny/T_Manny_02_BN.uexp" 933
"D:/SVN/Eleves/tfournier/Projet Perso/AI-CrowdSystem-First-Demo/HideFromMonster/Content/Characters/Mannequins/Textures/Manny/T_Manny_02_ASAOPMASK_MSK.ubulk" 934
"D:/SVN/Eleves/tfournier/Projet Perso/AI-CrowdSystem-First-Demo/HideFromMonster/Content/Characters/Mannequins/Textures/Manny/T_Manny_02_ASAOPMASK_MSK.uasset" 935
"D:/SVN/Eleves/tfournier/Projet Perso/AI-CrowdSystem-First-Demo/HideFromMonster/Content/Characters/Mannequins/Textures/Manny/T_Manny_02_ASAOPMASK_MSK.uexp" 936
"D:/SVN/Eleves/tfournier/Projet Perso/AI-CrowdSystem-First-Demo/HideFromMonster/Content/Characters/Mannequins/Textures/Manny/T_Manny_02_D.ubulk" 937
"D:/SVN/Eleves/tfournier/Projet Perso/AI-CrowdSystem-First-Demo/HideFromMonster/Content/Characters/Mannequins/Textures/Manny/T_Manny_02_D.uasset" 938
"D:/SVN/Eleves/tfournier/Projet Perso/AI-CrowdSystem-First-Demo/HideFromMonster/Content/Characters/Mannequins/Textures/Manny/T_Manny_02_D.uexp" 939
"D:/SVN/Eleves/tfournier/Projet Perso/AI-CrowdSystem-First-Demo/HideFromMonster/Content/Characters/Mannequins/Materials/Instances/Manny/MI_Manny_02.uasset" 940
"D:/SVN/Eleves/tfournier/Projet Perso/AI-CrowdSystem-First-Demo/HideFromMonster/Content/Characters/Mannequins/Materials/Instances/Manny/MI_Manny_02.uexp" 941
"D:/SVN/Eleves/tfournier/Projet Perso/AI-CrowdSystem-First-Demo/HideFromMonster/Content/Characters/Mannequins/Rigs/PA_Mannequin.uasset" 942
"D:/SVN/Eleves/tfournier/Projet Perso/AI-CrowdSystem-First-Demo/HideFromMonster/Content/Characters/Mannequins/Rigs/PA_Mannequin.uexp" 943
"D:/SVN/Eleves/tfournier/Projet Perso/AI-CrowdSystem-First-Demo/HideFromMonster/Content/Characters/Mannequins/Meshes/SKM_Manny.uasset" 944
"D:/SVN/Eleves/tfournier/Projet Perso/AI-CrowdSystem-First-Demo/HideFromMonster/Content/Characters/Mannequins/Meshes/SKM_Manny.uexp" 945
"D:/SVN/Eleves/tfournier/Projet Perso/AI-CrowdSystem-First-Demo/HideFromMonster/Content/Characters/Mannequins/Materials/Instances/Manny/MI_Manny_02_Red.uasset" 946
"D:/SVN/Eleves/tfournier/Projet Perso/AI-CrowdSystem-First-Demo/HideFromMonster/Content/Characters/Mannequins/Materials/Instances/Manny/MI_Manny_02_Red.uexp" 947
"../../../Engine/Content/Animation/DefaultAnimCurveCompressionSettings.uasset" 948
"../../../Engine/Content/Animation/DefaultAnimCurveCompressionSettings.uexp" 949
"../../../Engine/Content/Animation/DefaultVariableFrameStrippingSettings.uasset" 950
"../../../Engine/Content/Animation/DefaultVariableFrameStrippingSettings.uexp" 951
"../../../Engine/Content/Animation/DefaultAnimBoneCompressionSettings.uasset" 952
"../../../Engine/Content/Animation/DefaultAnimBoneCompressionSettings.uexp" 953
"D:/SVN/Eleves/tfournier/Projet Perso/AI-CrowdSystem-First-Demo/HideFromMonster/Content/Characters/Mannequins/Animations/Manny/MM_Fall_Loop.uasset" 954
"D:/SVN/Eleves/tfournier/Projet Perso/AI-CrowdSystem-First-Demo/HideFromMonster/Content/Characters/Mannequins/Animations/Manny/MM_Fall_Loop.uexp" 955
"D:/SVN/Eleves/tfournier/Projet Perso/AI-CrowdSystem-First-Demo/HideFromMonster/Content/Characters/Mannequins/Animations/Manny/MM_Jump.uasset" 956
"D:/SVN/Eleves/tfournier/Projet Perso/AI-CrowdSystem-First-Demo/HideFromMonster/Content/Characters/Mannequins/Animations/Manny/MM_Jump.uexp" 957
"D:/SVN/Eleves/tfournier/Projet Perso/AI-CrowdSystem-First-Demo/HideFromMonster/Content/Characters/Mannequins/Rigs/CR_Mannequin_BasicFootIK.uasset" 958
"D:/SVN/Eleves/tfournier/Projet Perso/AI-CrowdSystem-First-Demo/HideFromMonster/Content/Characters/Mannequins/Rigs/CR_Mannequin_BasicFootIK.uexp" 959
"D:/SVN/Eleves/tfournier/Projet Perso/AI-CrowdSystem-First-Demo/HideFromMonster/Content/Characters/Mannequins/Animations/Manny/MM_Run_Fwd.uasset" 960
"D:/SVN/Eleves/tfournier/Projet Perso/AI-CrowdSystem-First-Demo/HideFromMonster/Content/Characters/Mannequins/Animations/Manny/MM_Run_Fwd.uexp" 961
"D:/SVN/Eleves/tfournier/Projet Perso/AI-CrowdSystem-First-Demo/HideFromMonster/Content/Characters/Mannequins/Animations/Manny/MM_Walk_Fwd.uasset" 962
"D:/SVN/Eleves/tfournier/Projet Perso/AI-CrowdSystem-First-Demo/HideFromMonster/Content/Characters/Mannequins/Animations/Manny/MM_Walk_Fwd.uexp" 963
"../../../Engine/Content/Animation/DefaultRecorderBoneCompression.uasset" 964
"../../../Engine/Content/Animation/DefaultRecorderBoneCompression.uexp" 965
"D:/SVN/Eleves/tfournier/Projet Perso/AI-CrowdSystem-First-Demo/HideFromMonster/Content/Characters/Mannequins/Animations/Manny/MM_Walk_InPlace.uasset" 966
"D:/SVN/Eleves/tfournier/Projet Perso/AI-CrowdSystem-First-Demo/HideFromMonster/Content/Characters/Mannequins/Animations/Manny/MM_Walk_InPlace.uexp" 967
"D:/SVN/Eleves/tfournier/Projet Perso/AI-CrowdSystem-First-Demo/HideFromMonster/Content/Characters/Mannequins/Animations/Manny/BS_MM_WalkRun.uasset" 968
"D:/SVN/Eleves/tfournier/Projet Perso/AI-CrowdSystem-First-Demo/HideFromMonster/Content/Characters/Mannequins/Animations/Manny/BS_MM_WalkRun.uexp" 969
"D:/SVN/Eleves/tfournier/Projet Perso/AI-CrowdSystem-First-Demo/HideFromMonster/Content/Characters/Mannequins/Animations/Manny/MM_Land.uasset" 970
"D:/SVN/Eleves/tfournier/Projet Perso/AI-CrowdSystem-First-Demo/HideFromMonster/Content/Characters/Mannequins/Animations/Manny/MM_Land.uexp" 971
"D:/SVN/Eleves/tfournier/Projet Perso/AI-CrowdSystem-First-Demo/HideFromMonster/Content/Characters/Mannequins/Animations/Manny/MM_Idle.uasset" 972
"D:/SVN/Eleves/tfournier/Projet Perso/AI-CrowdSystem-First-Demo/HideFromMonster/Content/Characters/Mannequins/Animations/Manny/MM_Idle.uexp" 973
"D:/SVN/Eleves/tfournier/Projet Perso/AI-CrowdSystem-First-Demo/HideFromMonster/Content/Characters/Mannequins/Animations/ABP_Manny.uasset" 974
"D:/SVN/Eleves/tfournier/Projet Perso/AI-CrowdSystem-First-Demo/HideFromMonster/Content/Characters/Mannequins/Animations/ABP_Manny.uexp" 975
"D:/SVN/Eleves/tfournier/Projet Perso/AI-CrowdSystem-First-Demo/HideFromMonster/Content/Characters/Mannequins/Materials/Instances/Manny/MI_Manny_01_Red.uasset" 976
"D:/SVN/Eleves/tfournier/Projet Perso/AI-CrowdSystem-First-Demo/HideFromMonster/Content/Characters/Mannequins/Materials/Instances/Manny/MI_Manny_01_Red.uexp" 977
"D:/SVN/Eleves/tfournier/Projet Perso/AI-CrowdSystem-First-Demo/HideFromMonster/Content/TopDown/AI/Monster/BD_Monster.uasset" 978
"D:/SVN/Eleves/tfournier/Projet Perso/AI-CrowdSystem-First-Demo/HideFromMonster/Content/TopDown/AI/Monster/BD_Monster.uexp" 979
"D:/SVN/Eleves/tfournier/Projet Perso/AI-CrowdSystem-First-Demo/HideFromMonster/Content/TopDown/Blueprints/Interface/BPI_KillConcealed.uasset" 980
"D:/SVN/Eleves/tfournier/Projet Perso/AI-CrowdSystem-First-Demo/HideFromMonster/Content/TopDown/Blueprints/Interface/BPI_KillConcealed.uexp" 981
"D:/SVN/Eleves/tfournier/Projet Perso/AI-CrowdSystem-First-Demo/HideFromMonster/Content/TopDown/AI/Task/BTTask_KillTarget.uasset" 982
"D:/SVN/Eleves/tfournier/Projet Perso/AI-CrowdSystem-First-Demo/HideFromMonster/Content/TopDown/AI/Task/BTTask_KillTarget.uexp" 983
"D:/SVN/Eleves/tfournier/Projet Perso/AI-CrowdSystem-First-Demo/HideFromMonster/Content/TopDown/AI/Task/BTTask_RandomMove.uasset" 984
"D:/SVN/Eleves/tfournier/Projet Perso/AI-CrowdSystem-First-Demo/HideFromMonster/Content/TopDown/AI/Task/BTTask_RandomMove.uexp" 985
"D:/SVN/Eleves/tfournier/Projet Perso/AI-CrowdSystem-First-Demo/HideFromMonster/Content/TopDown/AI/Monster/BT_Monster.uasset" 986
"D:/SVN/Eleves/tfournier/Projet Perso/AI-CrowdSystem-First-Demo/HideFromMonster/Content/TopDown/AI/Monster/BT_Monster.uexp" 987
"D:/SVN/Eleves/tfournier/Projet Perso/AI-CrowdSystem-First-Demo/HideFromMonster/Content/TopDown/AI/Monster/AI_Monster.uasset" 988
"D:/SVN/Eleves/tfournier/Projet Perso/AI-CrowdSystem-First-Demo/HideFromMonster/Content/TopDown/AI/Monster/AI_Monster.uexp" 989
"D:/SVN/Eleves/tfournier/Projet Perso/AI-CrowdSystem-First-Demo/HideFromMonster/Content/TopDown/Blueprints/Character/BP_Monster_NPC.uasset" 990
"D:/SVN/Eleves/tfournier/Projet Perso/AI-CrowdSystem-First-Demo/HideFromMonster/Content/TopDown/Blueprints/Character/BP_Monster_NPC.uexp" 991
"D:/SVN/Eleves/tfournier/Projet Perso/AI-CrowdSystem-First-Demo/HideFromMonster/Content/LevelPrototyping/Meshes/SM_Cube.ubulk" 992
"D:/SVN/Eleves/tfournier/Projet Perso/AI-CrowdSystem-First-Demo/HideFromMonster/Content/LevelPrototyping/Meshes/SM_Cube.uasset" 993
"D:/SVN/Eleves/tfournier/Projet Perso/AI-CrowdSystem-First-Demo/HideFromMonster/Content/LevelPrototyping/Meshes/SM_Cube.uexp" 994
"D:/SVN/Eleves/tfournier/Projet Perso/AI-CrowdSystem-First-Demo/HideFromMonster/Content/LevelPrototyping/Materials/MI_PrototypeGrid_TopDark.uasset" 995
"D:/SVN/Eleves/tfournier/Projet Perso/AI-CrowdSystem-First-Demo/HideFromMonster/Content/LevelPrototyping/Materials/MI_PrototypeGrid_TopDark.uexp" 996
"../../../Engine/Content/EngineSky/T_Sky_Stars.ubulk" 997
"../../../Engine/Content/EngineSky/T_Sky_Stars.uasset" 998
"../../../Engine/Content/EngineSky/T_Sky_Stars.uexp" 999
"../../../Engine/Content/EngineSky/T_Sky_Clouds_M.ubulk" 1000
"../../../Engine/Content/EngineSky/T_Sky_Clouds_M.uasset" 1001
"../../../Engine/Content/EngineSky/T_Sky_Clouds_M.uexp" 1002
"../../../Engine/Content/EngineSky/T_Sky_Blue.ubulk" 1003
"../../../Engine/Content/EngineSky/T_Sky_Blue.uasset" 1004
"../../../Engine/Content/EngineSky/T_Sky_Blue.uexp" 1005
"../../../Engine/Content/EngineSky/M_Sky_Panning_Clouds2.uasset" 1006
"../../../Engine/Content/EngineSky/M_Sky_Panning_Clouds2.uexp" 1007
"../../../Engine/Content/EngineSky/SM_SkySphere.ubulk" 1008
"../../../Engine/Content/EngineSky/SM_SkySphere.uasset" 1009
"../../../Engine/Content/EngineSky/SM_SkySphere.uexp" 1010
"../../../Engine/Content/EngineSky/M_SimpleSkyDome.uasset" 1011
"../../../Engine/Content/EngineSky/M_SimpleSkyDome.uexp" 1012
"D:/SVN/Eleves/tfournier/Projet Perso/AI-CrowdSystem-First-Demo/HideFromMonster/Content/LevelPrototyping/Meshes/SM_Cylinder.ubulk" 1013
"D:/SVN/Eleves/tfournier/Projet Perso/AI-CrowdSystem-First-Demo/HideFromMonster/Content/LevelPrototyping/Meshes/SM_Cylinder.uasset" 1014
"D:/SVN/Eleves/tfournier/Projet Perso/AI-CrowdSystem-First-Demo/HideFromMonster/Content/LevelPrototyping/Meshes/SM_Cylinder.uexp" 1015
"D:/SVN/Eleves/tfournier/Projet Perso/AI-CrowdSystem-First-Demo/HideFromMonster/Content/LevelPrototyping/Materials/M_Solid.uasset" 1016
"D:/SVN/Eleves/tfournier/Projet Perso/AI-CrowdSystem-First-Demo/HideFromMonster/Content/LevelPrototyping/Materials/M_Solid.uexp" 1017
"D:/SVN/Eleves/tfournier/Projet Perso/AI-CrowdSystem-First-Demo/HideFromMonster/Content/LevelPrototyping/Meshes/SM_Ramp.ubulk" 1018
"D:/SVN/Eleves/tfournier/Projet Perso/AI-CrowdSystem-First-Demo/HideFromMonster/Content/LevelPrototyping/Meshes/SM_Ramp.uasset" 1019
"D:/SVN/Eleves/tfournier/Projet Perso/AI-CrowdSystem-First-Demo/HideFromMonster/Content/LevelPrototyping/Meshes/SM_Ramp.uexp" 1020
"D:/SVN/Eleves/tfournier/Projet Perso/AI-CrowdSystem-First-Demo/HideFromMonster/Content/LevelPrototyping/Meshes/SM_QuarterCylinder.ubulk" 1021
"D:/SVN/Eleves/tfournier/Projet Perso/AI-CrowdSystem-First-Demo/HideFromMonster/Content/LevelPrototyping/Meshes/SM_QuarterCylinder.uasset" 1022
"D:/SVN/Eleves/tfournier/Projet Perso/AI-CrowdSystem-First-Demo/HideFromMonster/Content/LevelPrototyping/Meshes/SM_QuarterCylinder.uexp" 1023
"D:/SVN/Eleves/tfournier/Projet Perso/AI-CrowdSystem-First-Demo/HideFromMonster/Content/TopDown/AI/Concealed/BD_Concealed.uasset" 1024
"D:/SVN/Eleves/tfournier/Projet Perso/AI-CrowdSystem-First-Demo/HideFromMonster/Content/TopDown/AI/Concealed/BD_Concealed.uexp" 1025
"D:/SVN/Eleves/tfournier/Projet Perso/AI-CrowdSystem-First-Demo/HideFromMonster/Content/TopDown/AI/EQS/EnvQueryContext_MonsterLocation.uasset" 1026
"D:/SVN/Eleves/tfournier/Projet Perso/AI-CrowdSystem-First-Demo/HideFromMonster/Content/TopDown/AI/EQS/EnvQueryContext_MonsterLocation.uexp" 1027
"D:/SVN/Eleves/tfournier/Projet Perso/AI-CrowdSystem-First-Demo/HideFromMonster/Content/TopDown/AI/EQS/EQS_Find.uasset" 1028
"D:/SVN/Eleves/tfournier/Projet Perso/AI-CrowdSystem-First-Demo/HideFromMonster/Content/TopDown/AI/EQS/EQS_Find.uexp" 1029
"D:/SVN/Eleves/tfournier/Projet Perso/AI-CrowdSystem-First-Demo/HideFromMonster/Content/TopDown/AI/Concealed/BT_Concealed.uasset" 1030
"D:/SVN/Eleves/tfournier/Projet Perso/AI-CrowdSystem-First-Demo/HideFromMonster/Content/TopDown/AI/Concealed/BT_Concealed.uexp" 1031
"D:/SVN/Eleves/tfournier/Projet Perso/AI-CrowdSystem-First-Demo/HideFromMonster/Content/TopDown/AI/Concealed/AI_Concealed.uasset" 1032
"D:/SVN/Eleves/tfournier/Projet Perso/AI-CrowdSystem-First-Demo/HideFromMonster/Content/TopDown/AI/Concealed/AI_Concealed.uexp" 1033
"D:/SVN/Eleves/tfournier/Projet Perso/AI-CrowdSystem-First-Demo/HideFromMonster/Content/TopDown/Blueprints/Character/BP_Concealed_NPC.uasset" 1034
"D:/SVN/Eleves/tfournier/Projet Perso/AI-CrowdSystem-First-Demo/HideFromMonster/Content/TopDown/Blueprints/Character/BP_Concealed_NPC.uexp" 1035
"../../../Engine/Content/Tutorial/SubEditors/TutorialAssets/Character/TutorialTPP_Skeleton.uasset" 1036
"../../../Engine/Content/Tutorial/SubEditors/TutorialAssets/Character/TutorialTPP_Skeleton.uexp" 1037
"../../../Engine/Content/Tutorial/SubEditors/TutorialAssets/Character/TutorialTPP_Mat.uasset" 1038
"../../../Engine/Content/Tutorial/SubEditors/TutorialAssets/Character/TutorialTPP_Mat.uexp" 1039
"../../../Engine/Content/Tutorial/SubEditors/TutorialAssets/Character/TutorialTPP_PhysicsAsset.uasset" 1040
"../../../Engine/Content/Tutorial/SubEditors/TutorialAssets/Character/TutorialTPP_PhysicsAsset.uexp" 1041
"../../../Engine/Content/Tutorial/SubEditors/TutorialAssets/Character/TutorialTPP.uasset" 1042
"../../../Engine/Content/Tutorial/SubEditors/TutorialAssets/Character/TutorialTPP.uexp" 1043
"D:/SVN/Eleves/tfournier/Projet Perso/AI-CrowdSystem-First-Demo/HideFromMonster/Content/TopDown/AI/EQS/EQSTester.uasset" 1044
"D:/SVN/Eleves/tfournier/Projet Perso/AI-CrowdSystem-First-Demo/HideFromMonster/Content/TopDown/AI/EQS/EQSTester.uexp" 1045
"D:/SVN/Eleves/tfournier/Projet Perso/AI-CrowdSystem-First-Demo/HideFromMonster/Content/TopDown/Blueprints/Actor/BP_SpawnerConcealed.uasset" 1046
"D:/SVN/Eleves/tfournier/Projet Perso/AI-CrowdSystem-First-Demo/HideFromMonster/Content/TopDown/Blueprints/Actor/BP_SpawnerConcealed.uexp" 1047
"../../../Engine/Content/Maps/Entry_BuiltData.uasset" 1048
"../../../Engine/Content/Maps/Entry_BuiltData.uexp" 1049
"../../../Engine/Content/Maps/Entry.uexp" 1050
"../../../Engine/Content/Maps/Entry.umap" 1051
"D:/SVN/Eleves/tfournier/Projet Perso/AI-CrowdSystem-First-Demo/HideFromMonster/Content/Cursor/T_Arrow.uasset" 1052
"D:/SVN/Eleves/tfournier/Projet Perso/AI-CrowdSystem-First-Demo/HideFromMonster/Content/Cursor/T_Arrow.uexp" 1053
"D:/SVN/Eleves/tfournier/Projet Perso/AI-CrowdSystem-First-Demo/HideFromMonster/Content/Cursor/M_Cursor.uasset" 1054
"D:/SVN/Eleves/tfournier/Projet Perso/AI-CrowdSystem-First-Demo/HideFromMonster/Content/Cursor/M_Cursor.uexp" 1055
"D:/SVN/Eleves/tfournier/Projet Perso/AI-CrowdSystem-First-Demo/HideFromMonster/Content/Cursor/SM_CursorMesh.ubulk" 1056
"D:/SVN/Eleves/tfournier/Projet Perso/AI-CrowdSystem-First-Demo/HideFromMonster/Content/Cursor/SM_CursorMesh.uasset" 1057
"D:/SVN/Eleves/tfournier/Projet Perso/AI-CrowdSystem-First-Demo/HideFromMonster/Content/Cursor/SM_CursorMesh.uexp" 1058
"D:/SVN/Eleves/tfournier/Projet Perso/AI-CrowdSystem-First-Demo/HideFromMonster/Content/Cursor/FX_Cursor.uasset" 1059
"D:/SVN/Eleves/tfournier/Projet Perso/AI-CrowdSystem-First-Demo/HideFromMonster/Content/Cursor/FX_Cursor.uexp" 1060
"D:/SVN/Eleves/tfournier/Projet Perso/AI-CrowdSystem-First-Demo/HideFromMonster/Content/TopDown/Input/Actions/IA_SetDestination_Click.uasset" 1061
"D:/SVN/Eleves/tfournier/Projet Perso/AI-CrowdSystem-First-Demo/HideFromMonster/Content/TopDown/Input/Actions/IA_SetDestination_Click.uexp" 1062
"D:/SVN/Eleves/tfournier/Projet Perso/AI-CrowdSystem-First-Demo/HideFromMonster/Content/TopDown/Input/Actions/IA_Move.uasset" 1063
"D:/SVN/Eleves/tfournier/Projet Perso/AI-CrowdSystem-First-Demo/HideFromMonster/Content/TopDown/Input/Actions/IA_Move.uexp" 1064
"D:/SVN/Eleves/tfournier/Projet Perso/AI-CrowdSystem-First-Demo/HideFromMonster/Content/TopDown/Input/Actions/IA_Spawn.uasset" 1065
"D:/SVN/Eleves/tfournier/Projet Perso/AI-CrowdSystem-First-Demo/HideFromMonster/Content/TopDown/Input/Actions/IA_Spawn.uexp" 1066
"D:/SVN/Eleves/tfournier/Projet Perso/AI-CrowdSystem-First-Demo/HideFromMonster/Content/TopDown/Input/IMC_Default.uasset" 1067
"D:/SVN/Eleves/tfournier/Projet Perso/AI-CrowdSystem-First-Demo/HideFromMonster/Content/TopDown/Input/IMC_Default.uexp" 1068
"D:/SVN/Eleves/tfournier/Projet Perso/AI-CrowdSystem-First-Demo/HideFromMonster/Content/TopDown/Blueprints/Pawn/BP_CameraController.uasset" 1069
"D:/SVN/Eleves/tfournier/Projet Perso/AI-CrowdSystem-First-Demo/HideFromMonster/Content/TopDown/Blueprints/Pawn/BP_CameraController.uexp" 1070
"D:/SVN/Eleves/tfournier/Projet Perso/AI-CrowdSystem-First-Demo/HideFromMonster/Content/TopDown/Blueprints/BP_TopDownController.uasset" 1071
"D:/SVN/Eleves/tfournier/Projet Perso/AI-CrowdSystem-First-Demo/HideFromMonster/Content/TopDown/Blueprints/BP_TopDownController.uexp" 1072
"D:/SVN/Eleves/tfournier/Projet Perso/AI-CrowdSystem-First-Demo/HideFromMonster/Content/TopDown/Blueprints/Interface/BPI_UpdateConcealed.uasset" 1073
"D:/SVN/Eleves/tfournier/Projet Perso/AI-CrowdSystem-First-Demo/HideFromMonster/Content/TopDown/Blueprints/Interface/BPI_UpdateConcealed.uexp" 1074
"D:/SVN/Eleves/tfournier/Projet Perso/AI-CrowdSystem-First-Demo/HideFromMonster/Content/W_HUDWidget.uasset" 1075
"D:/SVN/Eleves/tfournier/Projet Perso/AI-CrowdSystem-First-Demo/HideFromMonster/Content/W_HUDWidget.uexp" 1076
"D:/SVN/Eleves/tfournier/Projet Perso/AI-CrowdSystem-First-Demo/HideFromMonster/Content/TopDown/Blueprints/UI/BP_HUD.uasset" 1077
"D:/SVN/Eleves/tfournier/Projet Perso/AI-CrowdSystem-First-Demo/HideFromMonster/Content/TopDown/Blueprints/UI/BP_HUD.uexp" 1078
"D:/SVN/Eleves/tfournier/Projet Perso/AI-CrowdSystem-First-Demo/HideFromMonster/Content/TopDown/Blueprints/BP_TopDownGameMode.uasset" 1079
"D:/SVN/Eleves/tfournier/Projet Perso/AI-CrowdSystem-First-Demo/HideFromMonster/Content/TopDown/Blueprints/BP_TopDownGameMode.uexp" 1080
"D:/SVN/Eleves/tfournier/Projet Perso/AI-CrowdSystem-First-Demo/HideFromMonster/Content/TopDown/Maps/TopDownMap.uexp" 1081
"D:/SVN/Eleves/tfournier/Projet Perso/AI-CrowdSystem-First-Demo/HideFromMonster/Content/TopDown/Maps/TopDownMap.umap" 1082
